region	god
Aglarond	Mystra
Aglarond	Selûne
Aglarond	Chauntea
Aglarond	Lathander
Aglarond	Mielikki
Aglarond	Silvanus
Aglarond	Azuth
Aglarond	Eldath
Aglarond	Tymora
Aglarond	Sune
Aglarond	Oghma
Aglarond	Deneir
Aglarond	Milil
Aglarond	Helm
Aglarond	Torm
Aglarond	Tyr
Aglarond	Ilmater
Aglarond	Savras
Aglarond	Leira
Aglarond	Shaundakul
Amn	Waukeen
Amn	Chauntea
Amn	lathander
Amn	Sune
Amn	Helm
Amn	Tyr
Amn	Torm
Amn	Mystra
Amn	Azuth
Amn	Bane
Amn	Mask
Amn	Tymora
Amn	Oghma
Amn	Deneir
Amn	Milil
Amn	Shar
Amn	Ilmater
Amn	Nobanion
Amn	Talona
Amn	Umberlee
nain gris	Moradin
nain gris	Clangeddin
nain gris	Berronar
nain gris	Dumathoïn
nain gris	Gorm Gulthyn
nain gris	Abbathor
nain gris	Vergadain
nain gris	Sharindlar
nain gris	Thard Harr
nain gris	Dugmaren
nain gris	Helm
nain gris	Tempus
nain gris	Tyr
nain gris	Torm
nain gris	Ilmater
nain gris	Gond
nain gris	Deneir
nain gris	Oghma
nain gris	Azuth
nain gris	Savras
Bedines	Shaundakul
Bedines	Selûne
Bedines	Tempus
Bedines	Akadi
Bedines	Grumbar
Bedines	Ilmater
Bedines	lathander
Bedines	Mask
Bedines	Tymora
Bedines	Talos
Bedines	Shar
Bedines	Mystra
Bedines	Azuth
Bedines	Eldath
Bedines	Silvanus
Bedines	Chauntea
Bedines	Torm
Bedines	Tyr
Bedines	Sune
Bedines	Leira
Border Kingdoms	Tempus
Border Kingdoms	Silvanus
Border Kingdoms	Mystra
Border Kingdoms	Chauntea
Border Kingdoms	lathander
Border Kingdoms	Helm
Border Kingdoms	Torm
Border Kingdoms	Tyr
Border Kingdoms	Sune
Border Kingdoms	Tymora
Border Kingdoms	Azuth
Border Kingdoms	Oghma
Border Kingdoms	Deneir
Border Kingdoms	Milil
Border Kingdoms	Eldath
Border Kingdoms	Mielikki
Border Kingdoms	Ilmater
Border Kingdoms	Savras
Border Kingdoms	Leira
Border Kingdoms	Waukeen
Barakuir	Moradin
Barakuir	Clangeddin
Barakuir	Berronar
Barakuir	dumathoïn
Barakuir	Gorm Gulthyn
Barakuir	Abbathor
Barakuir	Vergadain
Barakuir	Dugmaren
Barakuir	Sharindlar
Barakuir	Thard Harr
Barakuir	Helm
Barakuir	Torm
Barakuir	Tyr
Barakuir	Ilmater
Barakuir	Gond
Barakuir	Tempus
Barakuir	Azuth
Barakuir	Deneir
Barakuir	Oghma
Barakuir	Savras
Calimshan	Sharess
Calimshan	Akadi
Calimshan	Grumbar
Calimshan	Istishia
Calimshan	Kossuth
Calimshan	Waukeen
Calimshan	Sune
Calimshan	lathander
Calimshan	Mask
Calimshan	Bane
Calimshan	Cyric
Calimshan	Shar
Calimshan	Selûne
Calimshan	Tymora
Calimshan	Azuth
Calimshan	Mystra
Calimshan	Talona
Calimshan	Umberlee
Calimshan	Ilmater
Calimshan	Torm
Chessenta	Tempus
Chessenta	Torm
Chessenta	Tyr
Chessenta	Helm
Chessenta	lathander
Chessenta	Chauntea
Chessenta	Mystra
Chessenta	Azuth
Chessenta	Bane
Chessenta	Nobanion
Chessenta	Sune
Chessenta	Tymora
Chessenta	Oghma
Chessenta	Deneir
Chessenta	Milil
Chessenta	Ilmater
Chessenta	Savras
Chessenta	Leira
Chessenta	Waukeen
Chessenta	Talos
Vilhon Reach	Waukeen
Vilhon Reach	Chauntea
Vilhon Reach	lathander
Vilhon Reach	Sune
Vilhon Reach	Helm
Vilhon Reach	Tyr
Vilhon Reach	Torm
Vilhon Reach	Mystra
Vilhon Reach	Azuth
Vilhon Reach	Oghma
Vilhon Reach	Deneir
Vilhon Reach	Milil
Vilhon Reach	Eldath
Vilhon Reach	Silvanus
Vilhon Reach	Mielikki
Vilhon Reach	Ilmater
Vilhon Reach	Savras
Vilhon Reach	Leira
Vilhon Reach	Shaundakul
Vilhon Reach	Tempus
communauté ghostwise halfing	Rillifane
communauté ghostwise halfing	Sheela Peryroyl
communauté ghostwise halfing	Mielikki
communauté ghostwise halfing	Silvanus
communauté ghostwise halfing	Eldath
communauté ghostwise halfing	Chauntea
communauté ghostwise halfing	Baervan
communauté ghostwise halfing	Gwaeron Windstrom
communauté ghostwise halfing	Labelas
communauté ghostwise halfing	Corellon
communauté ghostwise halfing	Tymora
communauté ghostwise halfing	Sune
communauté ghostwise halfing	lathander
communauté ghostwise halfing	Mystra
communauté ghostwise halfing	Azuth
communauté ghostwise halfing	Leira
communauté ghostwise halfing	Shaundakul
communauté ghostwise halfing	Deneir
communauté ghostwise halfing	Oghma
communauté ghostwise halfing	Fenmarel
Chultane	Ubtao
Chultane	Thard Harr
Chultane	Eshowdow
Chultane	Sune
Chultane	Tymora
Chultane	Talona
Chultane	Umberlee
Chultane	Akadi
Chultane	Grumbar
Chultane	Kossuth
Chultane	Istishia
Chultane	Selûne
Chultane	Shar
Chultane	lathander
Chultane	Chauntea
Chultane	Eldath
Chultane	Silvanus
Chultane	Mielikki
Chultane	Gond
Chultane	Ilmater
communauté naine	Moradin
communauté naine	Clangeddin
communauté naine	Berronar
communauté naine	dumathoïn
communauté naine	Gorm Gulthyn
communauté naine	Abbathor
communauté naine	Vergadain
communauté naine	Dugmaren
communauté naine	Sharindlar
communauté naine	Thard Harr
communauté naine	Helm
communauté naine	Torm
communauté naine	Tyr
communauté naine	Ilmater
communauté naine	Gond
communauté naine	Tempus
communauté naine	Azuth
communauté naine	Deneir
communauté naine	Oghma
communauté naine	Savras
esclave	Lolth
esclave	Vhaeraun
esclave	Kiaransalee
esclave	Selvetarm
esclave	Eilistraée
esclave	Ghaunadaur
esclave	Mask
esclave	Shar
esclave	Talona
esclave	Loviatar
esclave	Bane
esclave	Cyric
esclave	Leira
esclave	Azuth
esclave	Mystra
esclave	Shaundakul
esclave	Ilmater
esclave	Helm
esclave	Torm
esclave	Tyr
Cité Souterraine Mixte	Lolth
Cité Souterraine Mixte	Moradin
Cité Souterraine Mixte	Ghaunadaur
Cité Souterraine Mixte	dumathoïn
Cité Souterraine Mixte	Vhaeraun
Cité Souterraine Mixte	Clangeddin
Cité Souterraine Mixte	Abbathor
Cité Souterraine Mixte	Selvetarm
Cité Souterraine Mixte	Eilistraée
Cité Souterraine Mixte	Sharindlar
Cité Souterraine Mixte	Helm
Cité Souterraine Mixte	Torm
Cité Souterraine Mixte	Tyr
Cité Souterraine Mixte	Ilmater
Cité Souterraine Mixte	Gond
Cité Souterraine Mixte	Azuth
Cité Souterraine Mixte	Mystra
Cité Souterraine Mixte	Oghma
Cité Souterraine Mixte	Deneir
Cité Souterraine Mixte	Savras
Cormyrienne	Mystra
Cormyrienne	Azuth
Cormyrienne	Chauntea
Cormyrienne	lathander
Cormyrienne	Helm
Cormyrienne	Torm
Cormyrienne	Tyr
Cormyrienne	Sune
Cormyrienne	Tymora
Cormyrienne	Oghma
Cormyrienne	Deneir
Cormyrienne	Milil
Cormyrienne	Eldath
Cormyrienne	Silvanus
Cormyrienne	Mielikki
Cormyrienne	Ilmater
Cormyrienne	Savras
Cormyrienne	Leira
Cormyrienne	Waukeen
Cormyrienne	Tempus
Damaranne	Ilmater
Damaranne	Torm
Damaranne	Tyr
Damaranne	Helm
Damaranne	lathander
Damaranne	Chauntea
Damaranne	Mystra
Damaranne	Azuth
Damaranne	Sune
Damaranne	Tymora
Damaranne	Oghma
Damaranne	Deneir
Damaranne	Milil
Damaranne	Eldath
Damaranne	Silvanus
Damaranne	Mielikki
Damaranne	Savras
Damaranne	Leira
Damaranne	Tempus
Damaranne	Waukeen
Eauprofonde / Côte des Épées	Mystra
Eauprofonde / Côte des Épées	Azuth
Eauprofonde / Côte des Épées	Selûne
Eauprofonde / Côte des Épées	Shar
Eauprofonde / Côte des Épées	Tymora
Eauprofonde / Côte des Épées	Sune
Eauprofonde / Côte des Épées	lathander
Eauprofonde / Côte des Épées	Chauntea
Eauprofonde / Côte des Épées	Helm
Eauprofonde / Côte des Épées	Torm
Eauprofonde / Côte des Épées	Tyr
Eauprofonde / Côte des Épées	Ilmater
Eauprofonde / Côte des Épées	Oghma
Eauprofonde / Côte des Épées	Deneir
Eauprofonde / Côte des Épées	Milil
Eauprofonde / Côte des Épées	Gond
Eauprofonde / Côte des Épées	Savras
Eauprofonde / Côte des Épées	Leira
Eauprofonde / Côte des Épées	Shaundakul
Eauprofonde / Côte des Épées	Umberlee
tribus nains arctiques	Moradin
tribus nains arctiques	Clangeddin
tribus nains arctiques	Berronar
tribus nains arctiques	dumathoïn
tribus nains arctiques	Gorm Gulthyn
tribus nains arctiques	Abbathor
tribus nains arctiques	Vergadain
tribus nains arctiques	Dugmaren
tribus nains arctiques	Sharindlar
tribus nains arctiques	Thard Harr
tribus nains arctiques	Tempus
tribus nains arctiques	Auril
tribus nains arctiques	Talos
tribus nains arctiques	Helm
tribus nains arctiques	Torm
tribus nains arctiques	Tyr
tribus nains arctiques	Ilmater
tribus nains arctiques	Gond
tribus nains arctiques	Azuth
tribus nains arctiques	Savras
clans de halfings ghostwise	Rillifane
clans de halfings ghostwise	Sheela Peryroyl
clans de halfings ghostwise	Baervan
clans de halfings ghostwise	Mielikki
clans de halfings ghostwise	Silvanus
clans de halfings ghostwise	Eldath
clans de halfings ghostwise	Gwaeron Windstrom
clans de halfings ghostwise	Chauntea
clans de halfings ghostwise	Yondalla
clans de halfings ghostwise	Brandobaris
clans de halfings ghostwise	Tymora
clans de halfings ghostwise	lathander
clans de halfings ghostwise	Corellon
clans de halfings ghostwise	Labelas
clans de halfings ghostwise	Mystra
clans de halfings ghostwise	Azuth
clans de halfings ghostwise	Leira
clans de halfings ghostwise	Shaundakul
clans de halfings ghostwise	Deneir
clans de halfings ghostwise	Oghma
Nains gris	Laduguer
Nains gris	Duerra
Nains gris	Abbathor
Nains gris	dumathoïn
Nains gris	Gorm Gulthyn
Nains gris	Vergadain
Nains gris	Shar
Nains gris	Loviatar
Nains gris	Talona
Nains gris	Mask
Nains gris	Bane
Nains gris	Cyric
Nains gris	Ilmater
Nains gris	Helm
Nains gris	Torm
Nains gris	Tyr
Nains gris	Gond
Nains gris	Azuth
Nains gris	Deneir
Nains gris	Savras
communauté nains gris	Laduguer
communauté nains gris	Duerra
communauté nains gris	Abbathor
communauté nains gris	dumathoïn
communauté nains gris	Gorm Gulthyn
communauté nains gris	Vergadain
communauté nains gris	Shar
communauté nains gris	Loviatar
communauté nains gris	Talona
communauté nains gris	Mask
communauté nains gris	Bane
communauté nains gris	Cyric
communauté nains gris	Ilmater
communauté nains gris	Helm
communauté nains gris	Torm
communauté nains gris	Tyr
communauté nains gris	Gond
communauté nains gris	Azuth
communauté nains gris	Deneir
communauté nains gris	Savras
communauté de nains	Moradin
communauté de nains	Clangeddin
communauté de nains	Berronar
communauté de nains	dumathoïn
communauté de nains	Gorm Gulthyn
communauté de nains	Abbathor
communauté de nains	Vergadain
communauté de nains	Dugmaren
communauté de nains	Sharindlar
communauté de nains	Thard Harr
communauté de nains	Helm
communauté de nains	Torm
communauté de nains	Tyr
communauté de nains	Ilmater
communauté de nains	Gond
communauté de nains	Tempus
communauté de nains	Azuth
communauté de nains	Deneir
communauté de nains	Oghma
communauté de nains	Savras
clan nains arctiques	Moradin
clan nains arctiques	Clangeddin
clan nains arctiques	dumathoïn
clan nains arctiques	Gorm Gulthyn
clan nains arctiques	Thard Harr
clan nains arctiques	Auril
clan nains arctiques	Tempus
clan nains arctiques	Helm
clan nains arctiques	Tyr
clan nains arctiques	Ilmater
clan nains arctiques	Gond
clan nains arctiques	Abbathor
clan nains arctiques	Vergadain
clan nains arctiques	Dugmaren
clan nains arctiques	Sharindlar
clan nains arctiques	Azuth
clan nains arctiques	Deneir
clan nains arctiques	Oghma
clan nains arctiques	Savras
clan nains arctiques	Talos
nains arctiques	Moradin
nains arctiques	Clangeddin
nains arctiques	dumathoïn
nains arctiques	Gorm Gulthyn
nains arctiques	Auril
nains arctiques	Tempus
nains arctiques	Helm
nains arctiques	Tyr
nains arctiques	Ilmater
nains arctiques	Gond
nains arctiques	Thard Harr
nains arctiques	Abbathor
nains arctiques	Vergadain
nains arctiques	Dugmaren
nains arctiques	Sharindlar
nains arctiques	Azuth
nains arctiques	Deneir
nains arctiques	Oghma
nains arctiques	Savras
nains arctiques	Talos
Halruéens	Mystra
Halruéens	Azuth
Halruéens	Savras
Halruéens	Leira
Halruéens	Chauntea
Halruéens	Lathander
Halruéens	Sune
Halruéens	Tymora
Halruéens	Oghma
Halruéens	Deneir
Halruéens	Milil
Halruéens	Gond
Halruéens	Selûne
Halruéens	Shar
Halruéens	Mask
Halruéens	Waukeen
Halruéens	Torm
Halruéens	Tyr
Halruéens	Ilmater
Halruéens	Eldath
Imaskari	Mystra
Imaskari	Azuth
Imaskari	Savras
Imaskari	Leira
Imaskari	Shar
Imaskari	Oghma
Imaskari	Deneir
Imaskari	Gond
Imaskari	Bane
Imaskari	Cyric
Imaskari	Mask
Imaskari	Loviatar
Imaskari	Talona
Imaskari	Helm
Imaskari	Torm
Imaskari	Tyr
Imaskari	Ilmater
Imaskari	Sune
Imaskari	Tymora
Imaskari	Chauntea
communauté illuskiens	Tempus
communauté illuskiens	Umberlee
communauté illuskiens	Talos
communauté illuskiens	Auril
communauté illuskiens	Valkur
communauté illuskiens	Helm
communauté illuskiens	Tyr
communauté illuskiens	Torm
communauté illuskiens	Ilmater
communauté illuskiens	Chauntea
communauté illuskiens	Lathander
communauté illuskiens	Sune
communauté illuskiens	Tymora
communauté illuskiens	Mystra
communauté illuskiens	Azuth
communauté illuskiens	Oghma
communauté illuskiens	Deneir
communauté illuskiens	Milil
communauté illuskiens	Gond
communauté illuskiens	Shar
halfings	Yondalla
halfings	Sheela Peryroyl
halfings	Brandobaris
halfings	Cyrrollalee
halfings	Chauntea
halfings	Baervan
halfings	Gwaeron Windstrom
halfings	Mielikki
halfings	Silvanus
halfings	Eldath
halfings	Tymora
halfings	Sune
halfings	Lathander
halfings	Mystra
halfings	Azuth
halfings	Leira
halfings	Deneir
halfings	Oghma
halfings	Savras
halfings	Mask
Luskan	Tempus
Luskan	Umberlee
Luskan	Talos
Luskan	Auril
Luskan	Valkur
Luskan	Helm
Luskan	Tyr
Luskan	Torm
Luskan	Ilmater
Luskan	Bane
Luskan	Cyric
Luskan	Mask
Luskan	Shar
Luskan	Mystra
Luskan	Azuth
Luskan	Oghma
Luskan	Deneir
Luskan	Gond
Luskan	Sune
Luskan	Tymora
Moonsea	Bane
Moonsea	Cyric
Moonsea	Tempus
Moonsea	Tyr
Moonsea	Torm
Moonsea	Helm
Moonsea	Ilmater
Moonsea	Mystra
Moonsea	Azuth
Moonsea	Shar
Moonsea	Mask
Moonsea	Loviatar
Moonsea	Talona
Moonsea	Sune
Moonsea	Tymora
Moonsea	Oghma
Moonsea	Deneir
Moonsea	Gond
Moonsea	Savras
Moonsea	Chauntea
Îles Moonshae	Mother Nature
Îles Moonshae	Chauntea
Îles Moonshae	Silvanus
Îles Moonshae	Mielikki
Îles Moonshae	Eldath
Îles Moonshae	Lathander
Îles Moonshae	Sune
Îles Moonshae	Tymora
Îles Moonshae	Selûne
Îles Moonshae	Mystra
Îles Moonshae	Azuth
Îles Moonshae	Leira
Îles Moonshae	Oghma
Îles Moonshae	Deneir
Îles Moonshae	Milil
Îles Moonshae	Gond
Îles Moonshae	Torm
Îles Moonshae	Tyr
Îles Moonshae	Ilmater
Mulhorand	Horus-Re
Mulhorand	Isis
Mulhorand	Osiris
Mulhorand	Set
Mulhorand	Thoth
Mulhorand	Anhur
Mulhorand	Bast
Mulhorand	Nephthys
Mulhorand	Sebek
Mulhorand	Mystra
Mulhorand	Azuth
Mulhorand	Savras
Mulhorand	Helm
Mulhorand	Torm
Mulhorand	Tyr
Mulhorand	Ilmater
Mulhorand	Chauntea
Mulhorand	Lathander
Mulhorand	Sune
Mulhorand	Tymora
Narfell	Loviatar
Narfell	Talona
Narfell	Beshaba
Narfell	Shar
Narfell	Tempus
Narfell	Auril
Narfell	Cyric
Narfell	Mask
Narfell	Ilmater
Narfell	Helm
Narfell	Torm
Narfell	Tyr
Narfell	Chauntea
Narfell	Lathander
Narfell	Sune
Narfell	Tymora
Narfell	Mystra
Narfell	Azuth
Narfell	Oghma
Narfell	Deneir
Maztica	Qotal
Maztica	Zaltec
Maztica	Maztica
Maztica	Chauntea
Maztica	Lathander
Maztica	Sune
Maztica	Tymora
Maztica	Talona
Maztica	Selûne
Maztica	Shar
Maztica	Mystra
Maztica	Azuth
Maztica	Leira
Maztica	Oghma
Maztica	Deneir
Maztica	Milil
Maztica	Gond
Maztica	Ilmater
Maztica	Torm
Maztica	Tyr
Régions de Luskan, Îles Brisées	Tempus
Régions de Luskan, Îles Brisées	Umberlee
Régions de Luskan, Îles Brisées	Talos
Régions de Luskan, Îles Brisées	Auril
Régions de Luskan, Îles Brisées	Valkur
Régions de Luskan, Îles Brisées	Helm
Régions de Luskan, Îles Brisées	Tyr
Régions de Luskan, Îles Brisées	Torm
Régions de Luskan, Îles Brisées	Ilmater
Régions de Luskan, Îles Brisées	Chauntea
Régions de Luskan, Îles Brisées	Lathander
Régions de Luskan, Îles Brisées	Sune
Régions de Luskan, Îles Brisées	Tymora
Régions de Luskan, Îles Brisées	Mystra
Régions de Luskan, Îles Brisées	Azuth
Régions de Luskan, Îles Brisées	Oghma
Régions de Luskan, Îles Brisées	Deneir
Régions de Luskan, Îles Brisées	Gond
Régions de Luskan, Îles Brisées	Shar
Régions de Luskan, Îles Brisées	Mask
Communautée humaine	Shaundakul
Communautée humaine	Akadi
Communautée humaine	Grumbar
Communautée humaine	Kossuth
Communautée humaine	Istishia
Communautée humaine	Tempus
Communautée humaine	Lathander
Communautée humaine	Chauntea
Communautée humaine	Sune
Communautée humaine	Tymora
Communautée humaine	Selûne
Communautée humaine	Shar
Communautée humaine	Mask
Communautée humaine	Ilmater
Communautée humaine	Helm
Communautée humaine	Torm
Communautée humaine	Tyr
Communautée humaine	Mystra
Communautée humaine	Azuth
Communautée humaine	Oghma
profondeurs gelées, communauté naine arctique	Moradin
profondeurs gelées, communauté naine arctique	Clangeddin
profondeurs gelées, communauté naine arctique	dumathoïn
profondeurs gelées, communauté naine arctique	Gorm Gulthyn
profondeurs gelées, communauté naine arctique	Thard Harr
profondeurs gelées, communauté naine arctique	Auril
profondeurs gelées, communauté naine arctique	Tempus
profondeurs gelées, communauté naine arctique	Helm
profondeurs gelées, communauté naine arctique	Tyr
profondeurs gelées, communauté naine arctique	Ilmater
profondeurs gelées, communauté naine arctique	Gond
profondeurs gelées, communauté naine arctique	Abbathor
profondeurs gelées, communauté naine arctique	Vergadain
profondeurs gelées, communauté naine arctique	Dugmaren
profondeurs gelées, communauté naine arctique	Sharindlar
profondeurs gelées, communauté naine arctique	Azuth
profondeurs gelées, communauté naine arctique	Deneir
profondeurs gelées, communauté naine arctique	Oghma
profondeurs gelées, communauté naine arctique	Savras
profondeurs gelées, communauté naine arctique	Talos
Suldanessellar	Rillifane
Suldanessellar	Corellon
Suldanessellar	Sehanine
Suldanessellar	Labelas
Suldanessellar	Fenmarel
Suldanessellar	Aerdrie Faenya
Suldanessellar	Solonor
Suldanessellar	Eilistraée
Suldanessellar	Hanali
Suldanessellar	Shevarash
Suldanessellar	Mystra
Suldanessellar	Azuth
Suldanessellar	Leira
Suldanessellar	Sune
Suldanessellar	Tymora
Suldanessellar	Lathander
Suldanessellar	Chauntea
Suldanessellar	Eldath
Suldanessellar	Mielikki
Suldanessellar	Silvanus
Reghedmen	Tempus
Reghedmen	Auril
Reghedmen	Talos
Reghedmen	Umberlee
Reghedmen	Valkur
Reghedmen	Helm
Reghedmen	Tyr
Reghedmen	Torm
Reghedmen	Ilmater
Reghedmen	Chauntea
Reghedmen	Lathander
Reghedmen	Sune
Reghedmen	Tymora
Reghedmen	Selûne
Reghedmen	Shar
Reghedmen	Mask
Reghedmen	Mystra
Reghedmen	Azuth
Reghedmen	Oghma
Reghedmen	Deneir
Neverwinter	Helm
Neverwinter	Tyr
Neverwinter	Torm
Neverwinter	Ilmater
Neverwinter	Chauntea
Neverwinter	Lathander
Neverwinter	Sune
Neverwinter	Tymora
Neverwinter	Selûne
Neverwinter	Mystra
Neverwinter	Azuth
Neverwinter	Oghma
Neverwinter	Deneir
Neverwinter	Gond
Neverwinter	Waukeen
Neverwinter	Milil
Neverwinter	Mask
Neverwinter	Shar
Neverwinter	Tempus
Neverwinter	Eldath
tribues nomades humaines	Auril
tribues nomades humaines	Tempus
tribues nomades humaines	Talos
tribues nomades humaines	Umberlee
tribues nomades humaines	Valkur
tribues nomades humaines	Chauntea
tribues nomades humaines	Lathander
tribues nomades humaines	Sune
tribues nomades humaines	Tymora
tribues nomades humaines	Selûne
tribues nomades humaines	Shar
tribues nomades humaines	Mask
tribues nomades humaines	Ilmater
tribues nomades humaines	Helm
tribues nomades humaines	Torm
tribues nomades humaines	Tyr
tribues nomades humaines	Mystra
tribues nomades humaines	Azuth
tribues nomades humaines	Oghma
tribues nomades humaines	Deneir
Samarach	Ubtao
Samarach	Eshowdow
Samarach	Thard Harr
Samarach	Chauntea
Samarach	Lathander
Samarach	Sune
Samarach	Tymora
Samarach	Selûne
Samarach	Mystra
Samarach	Azuth
Samarach	Leira
Samarach	Oghma
Samarach	Deneir
Samarach	Gond
Samarach	Eldath
Samarach	Mielikki
Samarach	Silvanus
Samarach	Mask
Samarach	Shar
Samarach	Waukeen
Sembie	Waukeen
Sembie	Helm
Sembie	Tyr
Sembie	Torm
Sembie	Ilmater
Sembie	Chauntea
Sembie	Lathander
Sembie	Sune
Sembie	Tymora
Sembie	Selûne
Sembie	Mystra
Sembie	Azuth
Sembie	Oghma
Sembie	Deneir
Sembie	Gond
Sembie	Mask
Sembie	Shar
Sembie	Milil
Sembie	Leira
Sembie	Savras
Shaar	Shaundakul
Shaar	Akadi
Shaar	Grumbar
Shaar	Kossuth
Shaar	Istishia
Shaar	Tempus
Shaar	Lathander
Shaar	Chauntea
Shaar	Sune
Shaar	Tymora
Shaar	Selûne
Shaar	Shar
Shaar	Mask
Shaar	Ilmater
Shaar	Helm
Shaar	Torm
Shaar	Tyr
Shaar	Mystra
Shaar	Azuth
Shaar	Oghma
Kara-Tur	Kwan Ying
Kara-Tur	Ai Ching
Kara-Tur	Chih Shih
Kara-Tur	hsing
Kara-Tur	Sung Chiang
Kara-Tur	Lei Kung
Kara-Tur	Tien Mu
Kara-Tur	Tien Wang
Kara-Tur	Tien Ming
Kara-Tur	Mystra
Kara-Tur	Azuth
Kara-Tur	Selûne
Kara-Tur	Shar
Kara-Tur	Mask
Kara-Tur	Chauntea
Kara-Tur	Lathander
Kara-Tur	Sune
Kara-Tur	Tymora
Kara-Tur	Oghma
Sossal	Auril
Sossal	Tempus
Sossal	Talos
Sossal	Umberlee
Sossal	Valkur
Sossal	Helm
Sossal	Tyr
Sossal	Torm
Sossal	Ilmater
Sossal	Chauntea
Sossal	Lathander
Sossal	Sune
Sossal	Tymora
Sossal	Selûne
Sossal	Shar
Sossal	Mask
Sossal	Mystra
Sossal	Azuth
Sossal	Oghma
Sossal	Deneir
Tashalar	Ubtao
Tashalar	Thard Harr
Tashalar	Chauntea
Tashalar	Lathander
Tashalar	Sune
Tashalar	Tymora
Tashalar	Selûne
Tashalar	Mystra
Tashalar	Azuth
Tashalar	Leira
Tashalar	Oghma
Tashalar	Deneir
Tashalar	Gond
Tashalar	Eldath
Tashalar	Mielikki
Tashalar	Silvanus
Tashalar	Mask
Tashalar	Shar
Tashalar	Waukeen
Tashalar	Milil
Téthyr	Helm
Téthyr	Tyr
Téthyr	Torm
Téthyr	Ilmater
Téthyr	Chauntea
Téthyr	Lathander
Téthyr	Sune
Téthyr	Tymora
Téthyr	Selûne
Téthyr	Mystra
Téthyr	Azuth
Téthyr	Oghma
Téthyr	Deneir
Téthyr	Gond
Téthyr	Waukeen
Téthyr	Milil
Téthyr	Mask
Téthyr	Shar
Téthyr	Eldath
Téthyr	Mielikki
Thay	Bane
Thay	Cyric
Thay	Shar
Thay	Mask
Thay	Loviatar
Thay	Talona
Thay	Mystra
Thay	Azuth
Thay	Leira
Thay	Savras
Thay	Oghma
Thay	Deneir
Thay	Gond
Thay	Helm
Thay	Tyr
Thay	Torm
Thay	Ilmater
Thay	Chauntea
Thay	Lathander
Thay	Sune
Thesk	Helm
Thesk	Tyr
Thesk	Torm
Thesk	Ilmater
Thesk	Chauntea
Thesk	Lathander
Thesk	Sune
Thesk	Tymora
Thesk	Selûne
Thesk	Mystra
Thesk	Azuth
Thesk	Oghma
Thesk	Deneir
Thesk	Gond
Thesk	Waukeen
Thesk	Milil
Thesk	Mask
Thesk	Shar
Thesk	Eldath
Thesk	Mielikki
Thindol	Ubtao
Thindol	Eshowdow
Thindol	Thard Harr
Thindol	Chauntea
Thindol	Lathander
Thindol	Sune
Thindol	Tymora
Thindol	Selûne
Thindol	Mystra
Thindol	Azuth
Thindol	Leira
Thindol	Oghma
Thindol	Deneir
Thindol	Gond
Thindol	Eldath
Thindol	Mielikki
Thindol	Silvanus
Thindol	Mask
Thindol	Shar
Thindol	Waukeen
Turami	Shaundakul
Turami	Akadi
Turami	Grumbar
Turami	Kossuth
Turami	Istishia
Turami	Tempus
Turami	Lathander
Turami	Chauntea
Turami	Sune
Turami	Tymora
Turami	Selûne
Turami	Shar
Turami	Mask
Turami	Ilmater
Turami	Helm
Turami	Torm
Turami	Tyr
Turami	Mystra
Turami	Azuth
Turami	Oghma
Turmish	Helm
Turmish	Tyr
Turmish	Torm
Turmish	Ilmater
Turmish	Chauntea
Turmish	Lathander
Turmish	Sune
Turmish	Tymora
Turmish	Selûne
Turmish	Mystra
Turmish	Azuth
Turmish	Oghma
Turmish	Deneir
Turmish	Gond
Turmish	Waukeen
Turmish	Milil
Turmish	Mask
Turmish	Shar
Turmish	Eldath
Turmish	Mielikki
Ulutiens	Auril
Ulutiens	Tempus
Ulutiens	Talos
Ulutiens	Umberlee
Ulutiens	Valkur
Ulutiens	Helm
Ulutiens	Tyr
Ulutiens	Torm
Ulutiens	Ilmater
Ulutiens	Chauntea
Ulutiens	Lathander
Ulutiens	Sune
Ulutiens	Tymora
Ulutiens	Selûne
Ulutiens	Shar
Ulutiens	Mask
Ulutiens	Mystra
Ulutiens	Azuth
Ulutiens	Oghma
Ulutiens	Deneir
Unther	Enlil
Unther	Ishtar
Unther	Nergal
Unther	Ramman
Unther	Ki
Unther	Ninurta
Unther	Tiamat
Unther	Gilgeam
Unther	Mystra
Unther	Azuth
Unther	Savras
Unther	Helm
Unther	Tyr
Unther	Torm
Unther	Ilmater
Unther	Chauntea
Unther	Lathander
Unther	Sune
Unther	Tymora
Unther	Oghma
tribus barbares	Uthgar
tribus barbares	Tempus
tribus barbares	Talos
tribus barbares	Auril
tribus barbares	Valkur
tribus barbares	Helm
tribus barbares	Tyr
tribus barbares	Torm
tribus barbares	Ilmater
tribus barbares	Chauntea
tribus barbares	Lathander
tribus barbares	Sune
tribus barbares	Tymora
tribus barbares	Selûne
tribus barbares	Shar
tribus barbares	Mask
tribus barbares	Mielikki
tribus barbares	Silvanus
tribus barbares	Eldath
tribus barbares	Gond
Vaasa	Bane
Vaasa	Cyric
Vaasa	Talos
Vaasa	Auril
Vaasa	Tempus
Vaasa	Shar
Vaasa	Mask
Vaasa	Loviatar
Vaasa	Helm
Vaasa	Tyr
Vaasa	Torm
Vaasa	Ilmater
Vaasa	Mystra
Vaasa	Azuth
Vaasa	Oghma
Vaasa	Deneir
Vaasa	Gond
Vaasa	Chauntea
Vaasa	Lathander
Vaasa	Tymora
illuskans	Tempus
illuskans	Valkur
illuskans	Talos
illuskans	Auril
illuskans	Umberlee
illuskans	Helm
illuskans	Tyr
illuskans	Torm
illuskans	Ilmater
illuskans	Chauntea
illuskans	Lathander
illuskans	Sune
illuskans	Tymora
illuskans	Selûne
illuskans	Shar
illuskans	Mask
illuskans	Mystra
illuskans	Azuth
illuskans	Oghma
illuskans	Deneir
les vaux	Helm
les vaux	Tyr
les vaux	Torm
les vaux	Ilmater
les vaux	Chauntea
les vaux	Lathander
les vaux	Sune
les vaux	Tymora
les vaux	Selûne
les vaux	Mystra
les vaux	Azuth
les vaux	Oghma
les vaux	Deneir
les vaux	Gond
les vaux	Waukeen
les vaux	Milil
les vaux	Mask
les vaux	Shar
les vaux	Eldath
les vaux	Mielikki
le Vast	Helm
le Vast	Tyr
le Vast	Torm
le Vast	Ilmater
le Vast	Chauntea
le Vast	Lathander
le Vast	Sune
le Vast	Tymora
le Vast	Selûne
le Vast	Mystra
le Vast	Azuth
le Vast	Oghma
le Vast	Deneir
le Vast	Gond
le Vast	Waukeen
le Vast	Milil
le Vast	Mask
le Vast	Shar
le Vast	Eldath
le Vast	Mielikki
Jungle de Mhair/ Péninsule Lapalienne	Ubtao
Jungle de Mhair/ Péninsule Lapalienne	Eshowdow
Jungle de Mhair/ Péninsule Lapalienne	Thard Harr
Jungle de Mhair/ Péninsule Lapalienne	Chauntea
Jungle de Mhair/ Péninsule Lapalienne	Lathander
Jungle de Mhair/ Péninsule Lapalienne	Sune
Jungle de Mhair/ Péninsule Lapalienne	Tymora
Jungle de Mhair/ Péninsule Lapalienne	Selûne
Jungle de Mhair/ Péninsule Lapalienne	Mystra
Jungle de Mhair/ Péninsule Lapalienne	Azuth
Jungle de Mhair/ Péninsule Lapalienne	Leira
Jungle de Mhair/ Péninsule Lapalienne	Oghma
Jungle de Mhair/ Péninsule Lapalienne	Deneir
Jungle de Mhair/ Péninsule Lapalienne	Gond
Jungle de Mhair/ Péninsule Lapalienne	Eldath
Jungle de Mhair/ Péninsule Lapalienne	Mielikki
Jungle de Mhair/ Péninsule Lapalienne	Silvanus
Jungle de Mhair/ Péninsule Lapalienne	Mask
Jungle de Mhair/ Péninsule Lapalienne	Shar
Jungle de Mhair/ Péninsule Lapalienne	Waukeen
Zakhara	Zann
Zakhara	Hakiyah
Zakhara	Najm
Zakhara	Jisan
Zakhara	Kor
Zakhara	Haku
Zakhara	At’ar
Zakhara	Shaundakul
Zakhara	Istishia
Zakhara	Kossuth
Zakhara	Akadi
Zakhara	Grumbar
Zakhara	Selûne
Zakhara	Shar
Zakhara	Leira
Zakhara	Mystra
Zakhara	Azuth
Zakhara	Oghma
Zakhara	Deneir
Zakhara	Gond
tribus orc	Gruumsh
tribus orc	Luthic
tribus orc	Bahgtru
tribus orc	Ilneval
tribus orc	Shargaas
tribus orc	Yurtrus
tribus orc	Tempus
tribus orc	Talos
tribus orc	Auril
tribus orc	Bane
tribus orc	Cyric
tribus orc	Shar
tribus orc	Mask
tribus orc	Helm
tribus orc	Torm
tribus orc	Tyr
tribus orc	Loviatar
tribus orc	Talona
tribus orc	Gond
tribus orc	Uthgar
profondeurs sous Chult	Moradin
profondeurs sous Chult	Clangeddin
profondeurs sous Chult	dumathoïn
profondeurs sous Chult	Gorm Gulthyn
profondeurs sous Chult	Thard Harr
profondeurs sous Chult	Abbathor
profondeurs sous Chult	Vergadain
profondeurs sous Chult	Dugmaren
profondeurs sous Chult	Sharindlar
profondeurs sous Chult	Tempus
profondeurs sous Chult	Helm
profondeurs sous Chult	Tyr
profondeurs sous Chult	Torm
profondeurs sous Chult	Ilmater
profondeurs sous Chult	Gond
profondeurs sous Chult	Azuth
profondeurs sous Chult	Deneir
profondeurs sous Chult	Oghma
profondeurs sous Chult	Savras
profondeurs sous Chult	Talos
tribue gnome	Garl
tribue gnome	Baervan
tribue gnome	Flandal
tribue gnome	Segojan
tribue gnome	Urdlen
tribue gnome	Mielikki
tribue gnome	Silvanus
tribue gnome	Eldath
tribue gnome	Chauntea
tribue gnome	Lathander
tribue gnome	Sune
tribue gnome	Tymora
tribue gnome	Selûne
tribue gnome	Mystra
tribue gnome	Azuth
tribue gnome	Oghma
tribue gnome	Deneir
tribue gnome	Gond
tribue gnome	Leira
tribue gnome	Mask
Evermeet	Corellon
Evermeet	Rillifane
Evermeet	Sehanine
Evermeet	Labelas
Evermeet	Fenmarel
Evermeet	Aerdrie Faenya
Evermeet	Solonor
Evermeet	Hanali
Evermeet	Shevarash
Evermeet	Eilistraée
Evermeet	Mystra
Evermeet	Azuth
Evermeet	Leira
Evermeet	Sune
Evermeet	Tymora
Evermeet	Selûne
Evermeet	Mask
Evermeet	Shar
Evermeet	Oghma
Evermeet	Deneir
communauté elfe	Corellon
communauté elfe	Rillifane
communauté elfe	Sehanine
communauté elfe	Labelas
communauté elfe	Fenmarel
communauté elfe	Aerdrie Faenya
communauté elfe	Solonor
communauté elfe	Hanali
communauté elfe	Shevarash
communauté elfe	Eilistraée
communauté elfe	Mystra
communauté elfe	Azuth
communauté elfe	Leira
communauté elfe	Sune
communauté elfe	Tymora
communauté elfe	Selûne
communauté elfe	Mask
communauté elfe	Shar
communauté elfe	Oghma
communauté elfe	Deneir
Lunargent / Contrées du Nord	Helm
Lunargent / Contrées du Nord	Tyr
Lunargent / Contrées du Nord	Torm
Lunargent / Contrées du Nord	Ilmater
Lunargent / Contrées du Nord	Chauntea
Lunargent / Contrées du Nord	Lathander
Lunargent / Contrées du Nord	Sune
Lunargent / Contrées du Nord	Tymora
Lunargent / Contrées du Nord	Selûne
Lunargent / Contrées du Nord	Mystra
Lunargent / Contrées du Nord	Azuth
Lunargent / Contrées du Nord	Oghma
Lunargent / Contrées du Nord	Deneir
Lunargent / Contrées du Nord	Gond
Lunargent / Contrées du Nord	Waukeen
Lunargent / Contrées du Nord	Milil
Lunargent / Contrées du Nord	Mask
Lunargent / Contrées du Nord	Shar
Lunargent / Contrées du Nord	Eldath
Lunargent / Contrées du Nord	Mielikki
Communautés elfiques isolées	Corellon
Communautés elfiques isolées	Sehanine
Communautés elfiques isolées	Rillifane
Communautés elfiques isolées	Labelas
Communautés elfiques isolées	Aerdrie Faenya
Communautés elfiques isolées	Hanali
Communautés elfiques isolées	Solonor
Communautés elfiques isolées	Fenmarel
Communautés elfiques isolées	Shevarash
Communautés elfiques isolées	Eilistraée
Communautés elfiques isolées	Mystra
Communautés elfiques isolées	Azuth
Communautés elfiques isolées	Leira
Communautés elfiques isolées	Selûne
Communautés elfiques isolées	Sune
Communautés elfiques isolées	Tymora
Communautés elfiques isolées	Mielikki
Communautés elfiques isolées	Silvanus
Communautés elfiques isolées	Eldath
Communautés elfiques isolées	Oghma
Val d’Evereska	Corellon
Val d’Evereska	Sehanine
Val d’Evereska	Labelas
Val d’Evereska	Aerdrie Faenya
Val d’Evereska	Hanali
Val d’Evereska	Solonor
Val d’Evereska	Mystra
Val d’Evereska	Azuth
Val d’Evereska	Leira
Val d’Evereska	Selûne
Val d’Evereska	Sune
Val d’Evereska	Tymora
Val d’Evereska	Mielikki
Val d’Evereska	Silvanus
Val d’Evereska	Eldath
Val d’Evereska	Oghma
Val d’Evereska	Deneir
Val d’Evereska	Shevarash
Val d’Evereska	Fenmarel
Val d’Evereska	Eilistraée
sud de Faerûn, communauté elfe noir	Lolth
sud de Faerûn, communauté elfe noir	Vhaeraun
sud de Faerûn, communauté elfe noir	Kiaransalee
sud de Faerûn, communauté elfe noir	Selvetarm
sud de Faerûn, communauté elfe noir	Eilistraée
sud de Faerûn, communauté elfe noir	Shar
sud de Faerûn, communauté elfe noir	Mask
sud de Faerûn, communauté elfe noir	Loviatar
sud de Faerûn, communauté elfe noir	Talona
sud de Faerûn, communauté elfe noir	Bane
sud de Faerûn, communauté elfe noir	Cyric
sud de Faerûn, communauté elfe noir	Mystra
sud de Faerûn, communauté elfe noir	Azuth
sud de Faerûn, communauté elfe noir	Leira
sud de Faerûn, communauté elfe noir	Sune
sud de Faerûn, communauté elfe noir	Tymora
sud de Faerûn, communauté elfe noir	Shevarash
sud de Faerûn, communauté elfe noir	Fenmarel
sud de Faerûn, communauté elfe noir	Corellon
sud de Faerûn, communauté elfe noir	Sehanine
communauté elfe sauvages	Rillifane
communauté elfe sauvages	Solonor
communauté elfe sauvages	Mielikki
communauté elfe sauvages	Silvanus
communauté elfe sauvages	Eldath
communauté elfe sauvages	Corellon
communauté elfe sauvages	Sehanine
communauté elfe sauvages	Labelas
communauté elfe sauvages	Aerdrie Faenya
communauté elfe sauvages	Hanali
communauté elfe sauvages	Shevarash
communauté elfe sauvages	Fenmarel
communauté elfe sauvages	Eilistraée
communauté elfe sauvages	Tymora
communauté elfe sauvages	Sune
communauté elfe sauvages	Selûne
communauté elfe sauvages	Leira
communauté elfe sauvages	Mystra
communauté elfe sauvages	Azuth
communauté elfe sauvages	Oghma
les vaux, communauté elfes sauvages	Rillifane
les vaux, communauté elfes sauvages	Solonor
les vaux, communauté elfes sauvages	Mielikki
les vaux, communauté elfes sauvages	Silvanus
les vaux, communauté elfes sauvages	Eldath
les vaux, communauté elfes sauvages	Corellon
les vaux, communauté elfes sauvages	Sehanine
les vaux, communauté elfes sauvages	Labelas
les vaux, communauté elfes sauvages	Aerdrie Faenya
les vaux, communauté elfes sauvages	Hanali
les vaux, communauté elfes sauvages	Shevarash
les vaux, communauté elfes sauvages	Fenmarel
les vaux, communauté elfes sauvages	Eilistraée
les vaux, communauté elfes sauvages	Tymora
les vaux, communauté elfes sauvages	Sune
les vaux, communauté elfes sauvages	Selûne
les vaux, communauté elfes sauvages	Leira
les vaux, communauté elfes sauvages	Mystra
les vaux, communauté elfes sauvages	Azuth
les vaux, communauté elfes sauvages	Oghma
communauté elfes sauvages	Rillifane
communauté elfes sauvages	Solonor
communauté elfes sauvages	Mielikki
communauté elfes sauvages	Silvanus
communauté elfes sauvages	Eldath
communauté elfes sauvages	Corellon
communauté elfes sauvages	Sehanine
communauté elfes sauvages	Labelas
communauté elfes sauvages	Aerdrie Faenya
communauté elfes sauvages	Hanali
communauté elfes sauvages	Shevarash
communauté elfes sauvages	Fenmarel
communauté elfes sauvages	Eilistraée
communauté elfes sauvages	Tymora
communauté elfes sauvages	Sune
communauté elfes sauvages	Selûne
communauté elfes sauvages	Leira
communauté elfes sauvages	Mystra
communauté elfes sauvages	Azuth
communauté elfes sauvages	Oghma
Halruaa	Mystra
Halruaa	Azuth
Halruaa	Savras
Halruaa	Leira
Halruaa	Chauntea
Halruaa	Lathander
Halruaa	Sune
Halruaa	Tymora
Halruaa	Selûne
Halruaa	Shar
Halruaa	Mask
Halruaa	Oghma
Halruaa	Deneir
Halruaa	Gond
Halruaa	Waukeen
Halruaa	Milil
Halruaa	Corellon
Halruaa	Sehanine
Halruaa	Rillifane
Halruaa	Labelas
elfes sauvages	Corellon
elfes sauvages	Sehanine
elfes sauvages	Rillifane
elfes sauvages	Labelas
elfes sauvages	Aerdrie Faenya
elfes sauvages	Hanali
elfes sauvages	Solonor
elfes sauvages	Mielikki
elfes sauvages	Silvanus
elfes sauvages	Eldath
elfes sauvages	Titania
elfes sauvages	Oberon
elfes sauvages	Verenestra
elfes sauvages	Mystra
elfes sauvages	Azuth
elfes sauvages	Leira
elfes sauvages	Selûne
elfes sauvages	Sune
elfes sauvages	Tymora
elfes sauvages	Eilistraée
Sélu'Maraar, Naramyr	Deep Sashelas
Sélu'Maraar, Naramyr	Trishina
Sélu'Maraar, Naramyr	Eadro
Sélu'Maraar, Naramyr	Selûne
Sélu'Maraar, Naramyr	Valkur
Sélu'Maraar, Naramyr	Umberlee
Sélu'Maraar, Naramyr	Aerdrie Faenya
Sélu'Maraar, Naramyr	Hanali
Sélu'Maraar, Naramyr	Corellon
Sélu'Maraar, Naramyr	Sehanine
Sélu'Maraar, Naramyr	Labelas
Sélu'Maraar, Naramyr	Solonor
Sélu'Maraar, Naramyr	Mystra
Sélu'Maraar, Naramyr	Azuth
Sélu'Maraar, Naramyr	Leira
Sélu'Maraar, Naramyr	Tymora
Sélu'Maraar, Naramyr	Sune
Sélu'Maraar, Naramyr	Eldath
Sélu'Maraar, Naramyr	Oghma
Sélu'Maraar, Naramyr	Deneir
sud de Faerûn	Deep Sashelas
sud de Faerûn	Trishina
sud de Faerûn	Eadro
sud de Faerûn	Selûne
sud de Faerûn	Umberlee
sud de Faerûn	Valkur
sud de Faerûn	Aerdrie Faenya
sud de Faerûn	Hanali
sud de Faerûn	Corellon
sud de Faerûn	Sehanine
sud de Faerûn	Labelas
sud de Faerûn	Solonor
sud de Faerûn	Mystra
sud de Faerûn	Azuth
sud de Faerûn	Tymora
sud de Faerûn	Sune
sud de Faerûn	Leira
sud de Faerûn	Eldath
sud de Faerûn	Oghma
sud de Faerûn	Deneir
Amn, Téthyr, Calimshan	Deep Sashelas
Amn, Téthyr, Calimshan	Trishina
Amn, Téthyr, Calimshan	Eadro
Amn, Téthyr, Calimshan	Selûne
Amn, Téthyr, Calimshan	Umberlee
Amn, Téthyr, Calimshan	Valkur
Amn, Téthyr, Calimshan	Aerdrie Faenya
Amn, Téthyr, Calimshan	Hanali
Amn, Téthyr, Calimshan	Corellon
Amn, Téthyr, Calimshan	Sehanine
Amn, Téthyr, Calimshan	Labelas
Amn, Téthyr, Calimshan	Solonor
Amn, Téthyr, Calimshan	Mystra
Amn, Téthyr, Calimshan	Azuth
Amn, Téthyr, Calimshan	Tymora
Amn, Téthyr, Calimshan	Sune
Amn, Téthyr, Calimshan	Leira
Amn, Téthyr, Calimshan	Eldath
Amn, Téthyr, Calimshan	Oghma
Amn, Téthyr, Calimshan	Deneir
elfes de la mer	Deep Sashelas
elfes de la mer	Trishina
elfes de la mer	Eadro
elfes de la mer	Umberlee
elfes de la mer	Valkur
elfes de la mer	Aerdrie Faenya
elfes de la mer	Hanali
elfes de la mer	Corellon
elfes de la mer	Sehanine
elfes de la mer	Labelas
elfes de la mer	Solonor
elfes de la mer	Selûne
elfes de la mer	Tymora
elfes de la mer	Sune
elfes de la mer	Leira
elfes de la mer	Mystra
elfes de la mer	Azuth
elfes de la mer	Eldath
elfes de la mer	Silvanus
elfes de la mer	Oghma
Outreterre	Lolth
Outreterre	Vhaeraun
Outreterre	Kiaransalee
Outreterre	Selvetarm
Outreterre	Eilistraée
Outreterre	Shar
Outreterre	Mask
Outreterre	Loviatar
Outreterre	Talona
Outreterre	Bane
Outreterre	Cyric
Outreterre	Mystra
Outreterre	Azuth
Outreterre	Leira
Outreterre	Sune
Outreterre	Tymora
Outreterre	Shevarash
Outreterre	Fenmarel
Outreterre	Corellon
Outreterre	Sehanine
Ched Nasad, Sshamath, etc.	Lolth
Ched Nasad, Sshamath, etc.	Vhaeraun
Ched Nasad, Sshamath, etc.	Kiaransalee
Ched Nasad, Sshamath, etc.	Selvetarm
Ched Nasad, Sshamath, etc.	Eilistraée
Ched Nasad, Sshamath, etc.	Shar
Ched Nasad, Sshamath, etc.	Mask
Ched Nasad, Sshamath, etc.	Loviatar
Ched Nasad, Sshamath, etc.	Talona
Ched Nasad, Sshamath, etc.	Mystra
Ched Nasad, Sshamath, etc.	Azuth
Ched Nasad, Sshamath, etc.	Leira
Ched Nasad, Sshamath, etc.	Sune
Ched Nasad, Sshamath, etc.	Tymora
Ched Nasad, Sshamath, etc.	Shevarash
Ched Nasad, Sshamath, etc.	Fenmarel
Ched Nasad, Sshamath, etc.	Corellon
Ched Nasad, Sshamath, etc.	Sehanine
Ched Nasad, Sshamath, etc.	Solonor
Ched Nasad, Sshamath, etc.	Hanali
Vhaeraun, Eilistraée	Vhaeraun
Vhaeraun, Eilistraée	Eilistraée
Vhaeraun, Eilistraée	Corellon
Vhaeraun, Eilistraée	Sehanine
Vhaeraun, Eilistraée	Solonor
Vhaeraun, Eilistraée	Hanali
Vhaeraun, Eilistraée	Labelas
Vhaeraun, Eilistraée	Aerdrie Faenya
Vhaeraun, Eilistraée	Shevarash
Vhaeraun, Eilistraée	Fenmarel
Vhaeraun, Eilistraée	Mystra
Vhaeraun, Eilistraée	Azuth
Vhaeraun, Eilistraée	Leira
Vhaeraun, Eilistraée	Sune
Vhaeraun, Eilistraée	Tymora
Vhaeraun, Eilistraée	Selûne
Vhaeraun, Eilistraée	Mask
Vhaeraun, Eilistraée	Shar
Vhaeraun, Eilistraée	Eldath
Vhaeraun, Eilistraée	Silvanus
Grand Glacier	Aerdrie Faenya
Grand Glacier	Corellon
Grand Glacier	Sehanine
Grand Glacier	Labelas
Grand Glacier	Hanali
Grand Glacier	Solonor
Grand Glacier	Rillifane
Grand Glacier	Mielikki
Grand Glacier	Silvanus
Grand Glacier	Eldath
Grand Glacier	Mystra
Grand Glacier	Azuth
Grand Glacier	Leira
Grand Glacier	Sune
Grand Glacier	Tymora
Grand Glacier	Selûne
Grand Glacier	Shevarash
Grand Glacier	Fenmarel
Grand Glacier	Eilistraée
Grand Glacier	Oghma
communauté avariel	Aerdrie Faenya
communauté avariel	Corellon
communauté avariel	Sehanine
communauté avariel	Labelas
communauté avariel	Hanali
communauté avariel	Solonor
communauté avariel	Mystra
communauté avariel	Azuth
communauté avariel	Leira
communauté avariel	Selûne
communauté avariel	Sune
communauté avariel	Tymora
communauté avariel	Mielikki
communauté avariel	Silvanus
communauté avariel	Eldath
communauté avariel	Shevarash
communauté avariel	Fenmarel
communauté avariel	Eilistraée
communauté avariel	Oghma
communauté avariel	Deneir
communauté urdunnir	Moradin
communauté urdunnir	dumathoïn
communauté urdunnir	Clangeddin
communauté urdunnir	Gorm Gulthyn
communauté urdunnir	Abbathor
communauté urdunnir	Vergadain
communauté urdunnir	Dugmaren
communauté urdunnir	Sharindlar
communauté urdunnir	Thard Harr
communauté urdunnir	Helm
communauté urdunnir	Tyr
communauté urdunnir	Torm
communauté urdunnir	Ilmater
communauté urdunnir	Gond
communauté urdunnir	Azuth
communauté urdunnir	Deneir
communauté urdunnir	Oghma
communauté urdunnir	Savras
communauté urdunnir	Tempus
communauté urdunnir	Talos
communauté nains d'or	Moradin
communauté nains d'or	Berronar
communauté nains d'or	Clangeddin
communauté nains d'or	dumathoïn
communauté nains d'or	Gorm Gulthyn
communauté nains d'or	Abbathor
communauté nains d'or	Vergadain
communauté nains d'or	Dugmaren
communauté nains d'or	Sharindlar
communauté nains d'or	Thard Harr
communauté nains d'or	Helm
communauté nains d'or	Tyr
communauté nains d'or	Torm
communauté nains d'or	Ilmater
communauté nains d'or	Gond
communauté nains d'or	Azuth
communauté nains d'or	Deneir
communauté nains d'or	Oghma
communauté nains d'or	Savras
communauté nains d'or	Tempus
communauté orc	Gruumsh
communauté orc	Bahgtru
communauté orc	Ilneval
communauté orc	Luthic
communauté orc	Shargaas
communauté orc	Yurtrus
communauté orc	Tempus
communauté orc	Talos
communauté orc	Auril
communauté orc	Bane
communauté orc	Cyric
communauté orc	Shar
communauté orc	Mask
communauté orc	Helm
communauté orc	Torm
communauté orc	Tyr
communauté orc	Loviatar
communauté orc	Talona
communauté orc	Uthgar
communauté orc	Gond
nomadic clan lythari in Endless Wastes	Rillifane
nomadic clan lythari in Endless Wastes	Solonor
nomadic clan lythari in Endless Wastes	Mielikki
nomadic clan lythari in Endless Wastes	Silvanus
nomadic clan lythari in Endless Wastes	Eldath
nomadic clan lythari in Endless Wastes	Corellon
nomadic clan lythari in Endless Wastes	Sehanine
nomadic clan lythari in Endless Wastes	Labelas
nomadic clan lythari in Endless Wastes	Aerdrie Faenya
nomadic clan lythari in Endless Wastes	Hanali
nomadic clan lythari in Endless Wastes	Shevarash
nomadic clan lythari in Endless Wastes	Fenmarel
nomadic clan lythari in Endless Wastes	Eilistraée
nomadic clan lythari in Endless Wastes	Tymora
nomadic clan lythari in Endless Wastes	Sune
nomadic clan lythari in Endless Wastes	Selûne
nomadic clan lythari in Endless Wastes	Leira
nomadic clan lythari in Endless Wastes	Mystra
nomadic clan lythari in Endless Wastes	Azuth
nomadic clan lythari in Endless Wastes	Oghma
Lantan	Gond
Lantan	Mystra
Lantan	Azuth
Lantan	Savras
Lantan	Leira
Lantan	Oghma
Lantan	Deneir
Lantan	Milil
Lantan	Helm
Lantan	Tyr
Lantan	Torm
Lantan	Ilmater
Lantan	Chauntea
Lantan	Lathander
Lantan	Sune
Lantan	Tymora
Lantan	Selûne
Lantan	Mask
Lantan	Shar
Lantan	Waukeen
Îles Nelanther	Umberlee
Îles Nelanther	Valkur
Îles Nelanther	Talos
Îles Nelanther	Auril
Îles Nelanther	Tempus
Îles Nelanther	Deep Sashelas
Îles Nelanther	Trishina
Îles Nelanther	Eadro
Îles Nelanther	Selûne
Îles Nelanther	Aerdrie Faenya
Îles Nelanther	Hanali
Îles Nelanther	Corellon
Îles Nelanther	Sehanine
Îles Nelanther	Labelas
Îles Nelanther	Solonor
Îles Nelanther	Tymora
Îles Nelanther	Sune
Îles Nelanther	Leira
Îles Nelanther	Mystra
Îles Nelanther	Azuth
communauté elfes de la mer	Deep Sashelas
communauté elfes de la mer	Trishina
communauté elfes de la mer	Eadro
communauté elfes de la mer	Umberlee
communauté elfes de la mer	Valkur
communauté elfes de la mer	Aerdrie Faenya
communauté elfes de la mer	Hanali
communauté elfes de la mer	Corellon
communauté elfes de la mer	Sehanine
communauté elfes de la mer	Labelas
communauté elfes de la mer	Solonor
communauté elfes de la mer	Selûne
communauté elfes de la mer	Tymora
communauté elfes de la mer	Sune
communauté elfes de la mer	Leira
communauté elfes de la mer	Mystra
communauté elfes de la mer	Azuth
communauté elfes de la mer	Eldath
communauté elfes de la mer	Silvanus
communauté elfes de la mer	Oghma
Thay, Rashemen	Bane
Thay, Rashemen	Cyric
Thay, Rashemen	Talos
Thay, Rashemen	Auril
Thay, Rashemen	Tempus
Thay, Rashemen	Helm
Thay, Rashemen	Tyr
Thay, Rashemen	Torm
Thay, Rashemen	Ilmater
Thay, Rashemen	Mystra
Thay, Rashemen	Azuth
Thay, Rashemen	Leira
Thay, Rashemen	Selûne
Thay, Rashemen	Sune
Thay, Rashemen	Tymora
Thay, Rashemen	Shar
Thay, Rashemen	Mask
Thay, Rashemen	Loviatar
Thay, Rashemen	Talona
Thay, Rashemen	Gond
nomade orcs	Gruumsh
nomade orcs	Bahgtru
nomade orcs	Ilneval
nomade orcs	Luthic
nomade orcs	Shargaas
nomade orcs	Yurtrus
nomade orcs	Tempus
nomade orcs	Talos
nomade orcs	Auril
nomade orcs	Bane
nomade orcs	Cyric
nomade orcs	Shar
nomade orcs	Mask
nomade orcs	Helm
nomade orcs	Torm
nomade orcs	Tyr
nomade orcs	Loviatar
nomade orcs	Talona
nomade orcs	Uthgar
nomade orcs	Gond
orogs	Gruumsh
orogs	Bahgtru
orogs	Ilneval
orogs	Luthic
orogs	Shargaas
orogs	Yurtrus
orogs	Lolth
orogs	Vhaeraun
orogs	Selvetarm
orogs	Kiaransalee
orogs	Shar
orogs	Mask
orogs	Bane
orogs	Cyric
orogs	Talona
orogs	Loviatar
orogs	Helm
orogs	Torm
orogs	Tyr
orogs	Gond
Rashemen	Chauntea
Rashemen	Lathander
Rashemen	Sune
Rashemen	Tymora
Rashemen	Selûne
Rashemen	Mystra
Rashemen	Azuth
Rashemen	Leira
Rashemen	Eldath
Rashemen	Silvanus
Rashemen	Mielikki
Rashemen	Tempus
Rashemen	Helm
Rashemen	Tyr
Rashemen	Torm
Rashemen	Ilmater
Rashemen	Mask
Rashemen	Shar
Rashemen	Oghma
Impultur	Ilmater
Impultur	Tyr
Impultur	Torm
Impultur	Helm
Impultur	Chauntea
Impultur	Lathander
Impultur	Sune
Impultur	Tymora
Impultur	Mystra
Impultur	Azuth
Impultur	Leira
Impultur	Selûne
Impultur	Mask
Impultur	Shar
Impultur	Tempus
Impultur	Bane
Impultur	Cyric
Impultur	Oghma
Impultur	Deneir
Impultur	Gond
kara-tur	Akadi
kara-tur	Grumbar
kara-tur	Kossuth
kara-tur	Istishia
kara-tur	Shaundakul
kara-tur	Savras
kara-tur	Deneir
kara-tur	Oghma
kara-tur	Milil
kara-tur	Lliira
kara-tur	Sune
kara-tur	Selûne
kara-tur	Tymora
kara-tur	Mask
kara-tur	Helm
kara-tur	Torm
kara-tur	Ilmater
kara-tur	Eldath
kara-tur	Leira
kara-tur	Myrkul
karatur	Oghma
karatur	Lathander
karatur	Mystra
karatur	Azuth
karatur	Gond
karatur	Savras
karatur	Deneir
karatur	Waukeen
karatur	Siamorphe
karatur	Tyr
karatur	Torm
karatur	Helm
karatur	Ilmater
karatur	Bane
karatur	Bhaal
karatur	Shar
karatur	Talona
karatur	Jergal
karatur	Velsharoon
drows	Lolth
drows	Vhaeraun
drows	Kiaransalee
drows	Selvetarm
drows	Eilistraée
drows	Shar
drows	Mask
drows	Loviatar
drows	Talona
drows	Bane
drows	Cyric
drows	Mystra
drows	Azuth
drows	Leira
drows	Sune
drows	Tymora
drows	Shevarash
drows	Fenmarel
drows	Corellon
drows	Sehanine
orcs gris	Gruumsh
orcs gris	Bahgtru
orcs gris	Ilneval
orcs gris	Luthic
orcs gris	Shargaas
orcs gris	Yurtrus
orcs gris	Tempus
orcs gris	Talos
orcs gris	Auril
orcs gris	Bane
orcs gris	Cyric
orcs gris	Shar
orcs gris	Mask
orcs gris	Helm
orcs gris	Torm
orcs gris	Tyr
orcs gris	Loviatar
orcs gris	Talona
orcs gris	Uthgar
orcs gris	Gond
colonie orcs gris	Gruumsh
colonie orcs gris	Bahgtru
colonie orcs gris	Ilneval
colonie orcs gris	Luthic
colonie orcs gris	Shargaas
colonie orcs gris	Yurtrus
colonie orcs gris	Tempus
colonie orcs gris	Talos
colonie orcs gris	Auril
colonie orcs gris	Bane
colonie orcs gris	Cyric
colonie orcs gris	Shar
colonie orcs gris	Mask
colonie orcs gris	Helm
colonie orcs gris	Torm
colonie orcs gris	Tyr
colonie orcs gris	Loviatar
colonie orcs gris	Talona
colonie orcs gris	Uthgar
colonie orcs gris	Gond
Thesk,Rashemen	Gruumsh
Thesk,Rashemen	Bahgtru
Thesk,Rashemen	Ilneval
Thesk,Rashemen	Luthic
Thesk,Rashemen	Shargaas
Thesk,Rashemen	Yurtrus
Thesk,Rashemen	Tempus
Thesk,Rashemen	Talos
Thesk,Rashemen	Auril
Thesk,Rashemen	Bane
Thesk,Rashemen	Cyric
Thesk,Rashemen	Shar
Thesk,Rashemen	Mask
Thesk,Rashemen	Helm
Thesk,Rashemen	Torm
Thesk,Rashemen	Tyr
Thesk,Rashemen	Loviatar
Thesk,Rashemen	Talona
Thesk,Rashemen	Uthgar
Thesk,Rashemen	Gond
orcs gris de la vallee de la flamme	Gruumsh
orcs gris de la vallee de la flamme	Bahgtru
orcs gris de la vallee de la flamme	Ilneval
orcs gris de la vallee de la flamme	Luthic
orcs gris de la vallee de la flamme	Shargaas
orcs gris de la vallee de la flamme	Yurtrus
orcs gris de la vallee de la flamme	Tempus
orcs gris de la vallee de la flamme	Talos
orcs gris de la vallee de la flamme	Auril
orcs gris de la vallee de la flamme	Bane
orcs gris de la vallee de la flamme	Cyric
orcs gris de la vallee de la flamme	Shar
orcs gris de la vallee de la flamme	Mask
orcs gris de la vallee de la flamme	Helm
orcs gris de la vallee de la flamme	Torm
orcs gris de la vallee de la flamme	Tyr
orcs gris de la vallee de la flamme	Loviatar
orcs gris de la vallee de la flamme	Talona
orcs gris de la vallee de la flamme	Uthgar
orcs gris de la vallee de la flamme	Gond
orcs gris de la grande faille	Gruumsh
orcs gris de la grande faille	Bahgtru
orcs gris de la grande faille	Ilneval
orcs gris de la grande faille	Luthic
orcs gris de la grande faille	Shargaas
orcs gris de la grande faille	Yurtrus
orcs gris de la grande faille	Tempus
orcs gris de la grande faille	Talos
orcs gris de la grande faille	Auril
orcs gris de la grande faille	Bane
orcs gris de la grande faille	Cyric
orcs gris de la grande faille	Shar
orcs gris de la grande faille	Mask
orcs gris de la grande faille	Helm
orcs gris de la grande faille	Torm
orcs gris de la grande faille	Tyr
orcs gris de la grande faille	Loviatar
orcs gris de la grande faille	Talona
orcs gris de la grande faille	Uthgar
orcs gris de la grande faille	Gond
communauté nains arctiques	Moradin
communauté nains arctiques	Clangeddin
communauté nains arctiques	dumathoïn
communauté nains arctiques	Gorm Gulthyn
communauté nains arctiques	Thard Harr
communauté nains arctiques	Abbathor
communauté nains arctiques	Vergadain
communauté nains arctiques	Dugmaren
communauté nains arctiques	Sharindlar
communauté nains arctiques	Auril
communauté nains arctiques	Tempus
communauté nains arctiques	Helm
communauté nains arctiques	Tyr
communauté nains arctiques	Torm
communauté nains arctiques	Ilmater
communauté nains arctiques	Gond
communauté nains arctiques	Azuth
communauté nains arctiques	Deneir
communauté nains arctiques	Oghma
communauté nains arctiques	Savras
Elmanesse, Or-tel-quessir, elfes des bois	Corellon
Elmanesse, Or-tel-quessir, elfes des bois	Sehanine
Elmanesse, Or-tel-quessir, elfes des bois	Labelas
Elmanesse, Or-tel-quessir, elfes des bois	Aerdrie Faenya
Elmanesse, Or-tel-quessir, elfes des bois	Hanali
Elmanesse, Or-tel-quessir, elfes des bois	Solonor
Elmanesse, Or-tel-quessir, elfes des bois	Rillifane
Elmanesse, Or-tel-quessir, elfes des bois	Mielikki
Elmanesse, Or-tel-quessir, elfes des bois	Silvanus
Elmanesse, Or-tel-quessir, elfes des bois	Eldath
Elmanesse, Or-tel-quessir, elfes des bois	Mystra
Elmanesse, Or-tel-quessir, elfes des bois	Azuth
Elmanesse, Or-tel-quessir, elfes des bois	Leira
Elmanesse, Or-tel-quessir, elfes des bois	Selûne
Elmanesse, Or-tel-quessir, elfes des bois	Sune
Elmanesse, Or-tel-quessir, elfes des bois	Tymora
Elmanesse, Or-tel-quessir, elfes des bois	Shevarash
Elmanesse, Or-tel-quessir, elfes des bois	Fenmarel
Elmanesse, Or-tel-quessir, elfes des bois	Eilistraée
Elmanesse, Or-tel-quessir, elfes des bois	Oghma
Suldusk, sy-tel-quessir, elfes sauvages	Rillifane
Suldusk, sy-tel-quessir, elfes sauvages	Solonor
Suldusk, sy-tel-quessir, elfes sauvages	Mielikki
Suldusk, sy-tel-quessir, elfes sauvages	Silvanus
Suldusk, sy-tel-quessir, elfes sauvages	Eldath
Suldusk, sy-tel-quessir, elfes sauvages	Corellon
Suldusk, sy-tel-quessir, elfes sauvages	Sehanine
Suldusk, sy-tel-quessir, elfes sauvages	Labelas
Suldusk, sy-tel-quessir, elfes sauvages	Aerdrie Faenya
Suldusk, sy-tel-quessir, elfes sauvages	Hanali
Suldusk, sy-tel-quessir, elfes sauvages	Shevarash
Suldusk, sy-tel-quessir, elfes sauvages	Fenmarel
Suldusk, sy-tel-quessir, elfes sauvages	Eilistraée
Suldusk, sy-tel-quessir, elfes sauvages	Tymora
Suldusk, sy-tel-quessir, elfes sauvages	Sune
Suldusk, sy-tel-quessir, elfes sauvages	Selûne
Suldusk, sy-tel-quessir, elfes sauvages	Leira
Suldusk, sy-tel-quessir, elfes sauvages	Mystra
Suldusk, sy-tel-quessir, elfes sauvages	Azuth
Suldusk, sy-tel-quessir, elfes sauvages	Oghma
drakeides	Bahamut
drakeides	Torm
drakeides	Tyr
drakeides	Helm
drakeides	Ilmater
drakeides	Mystra
drakeides	Azuth
drakeides	Savras
drakeides	Lathander
drakeides	Chauntea
drakeides	Sune
drakeides	Tymora
drakeides	Selûne
drakeides	Leira
drakeides	Oghma
drakeides	Deneir
drakeides	Gond
drakeides	Kossuth
drakeides	Akadi
drakeides	Grumbar
pics glacé, clans goliaths	Tempus
pics glacé, clans goliaths	Uthgar
pics glacé, clans goliaths	Talos
pics glacé, clans goliaths	Auril
pics glacé, clans goliaths	Grumbar
pics glacé, clans goliaths	Akadi
pics glacé, clans goliaths	Kossuth
pics glacé, clans goliaths	Istishia
pics glacé, clans goliaths	Helm
pics glacé, clans goliaths	Tyr
pics glacé, clans goliaths	Torm
pics glacé, clans goliaths	Ilmater
pics glacé, clans goliaths	Gond
pics glacé, clans goliaths	Mystra
pics glacé, clans goliaths	Azuth
pics glacé, clans goliaths	Selûne
pics glacé, clans goliaths	Leira
pics glacé, clans goliaths	Oghma
pics glacé, clans goliaths	Deneir
pics glacé, clans goliaths	Savras
clan goliath	Tempus
clan goliath	Uthgar
clan goliath	Talos
clan goliath	Auril
clan goliath	Grumbar
clan goliath	Akadi
clan goliath	Kossuth
clan goliath	Istishia
clan goliath	Helm
clan goliath	Tyr
clan goliath	Torm
clan goliath	Ilmater
clan goliath	Gond
clan goliath	Mystra
clan goliath	Azuth
clan goliath	Selûne
clan goliath	Leira
clan goliath	Oghma
clan goliath	Deneir
clan goliath	Savras
nomadisme goliath	Tempus
nomadisme goliath	Uthgar
nomadisme goliath	Talos
nomadisme goliath	Auril
nomadisme goliath	Grumbar
nomadisme goliath	Akadi
nomadisme goliath	Kossuth
nomadisme goliath	Istishia
nomadisme goliath	Helm
nomadisme goliath	Tyr
nomadisme goliath	Torm
nomadisme goliath	Ilmater
nomadisme goliath	Gond
nomadisme goliath	Mystra
nomadisme goliath	Azuth
nomadisme goliath	Selûne
nomadisme goliath	Leira
nomadisme goliath	Oghma
nomadisme goliath	Deneir
nomadisme goliath	Savras
tribue genasi de terre	Akadi
tribue genasi de terre	Grumbar
tribue genasi de terre	Kossuth
tribue genasi de terre	Istishia
tribue genasi de terre	Tempus
tribue genasi de terre	Talos
tribue genasi de terre	Auril
tribue genasi de terre	Gond
tribue genasi de terre	Mystra
tribue genasi de terre	Azuth
tribue genasi de terre	Savras
tribue genasi de terre	Helm
tribue genasi de terre	Tyr
tribue genasi de terre	Torm
tribue genasi de terre	Ilmater
tribue genasi de terre	Selûne
tribue genasi de terre	Leira
tribue genasi de terre	Oghma
tribue genasi de terre	Deneir
tribue genasi de terre	Tymora
tribu uthgardt	Uthgar
tribu uthgardt	Tempus
tribu uthgardt	Talos
tribu uthgardt	Auril
tribu uthgardt	Valkur
tribu uthgardt	Helm
tribu uthgardt	Tyr
tribu uthgardt	Torm
tribu uthgardt	Ilmater
tribu uthgardt	Chauntea
tribu uthgardt	Lathander
tribu uthgardt	Sune
tribu uthgardt	Tymora
tribu uthgardt	Selûne
tribu uthgardt	Shar
tribu uthgardt	Mask
tribu uthgardt	Mystra
tribu uthgardt	Azuth
tribu uthgardt	Oghma
tribu uthgardt	Deneir
communauté gnome	Garl Glittergold
communauté gnome	Baervan
communauté gnome	Baravar
communauté gnome	Segojan
communauté gnome	Flandal
communauté gnome	Urdlen
communauté gnome	Gond
communauté gnome	Oghma
communauté gnome	Deneir
communauté gnome	Mystra
communauté gnome	Azuth
communauté gnome	Leira
communauté gnome	Tymora
communauté gnome	Sune
communauté gnome	Selûne
communauté gnome	Chauntea
communauté gnome	Lathander
communauté gnome	Savras
communauté gnome	Milil
communauté gnome	Erevan Ilesere
les vaux communauté gnome	Garl Glittergold
les vaux communauté gnome	Baervan
les vaux communauté gnome	Baravar
les vaux communauté gnome	Segojan
les vaux communauté gnome	Flandal
les vaux communauté gnome	Urdlen
les vaux communauté gnome	Gond
les vaux communauté gnome	Oghma
les vaux communauté gnome	Deneir
les vaux communauté gnome	Mystra
les vaux communauté gnome	Azuth
les vaux communauté gnome	Leira
les vaux communauté gnome	Tymora
les vaux communauté gnome	Sune
les vaux communauté gnome	Selûne
les vaux communauté gnome	Chauntea
les vaux communauté gnome	Lathander
les vaux communauté gnome	Savras
les vaux communauté gnome	Milil
les vaux communauté gnome	Erevan Ilesere
communauté Firbolg	Hiatea
communauté Firbolg	Silvanus
communauté Firbolg	Mielikki
communauté Firbolg	lallanis
communauté Firbolg	Cerunnos
communauté Firbolg	Eldath
communauté Firbolg	Rillifane Rallathil,
communauté Firbolg	Solonor Thelandira
communauté Firbolg	, Shiallia
esclave gobelin	Maglubiyet
esclave gobelin	Khurgorbaeyag
esclave gobelin	Bargrivyek
communauté gobeline	Maglubiyet
communauté gobeline	Khurgorbaeyag
communauté gobeline	Bargrivyek
