ethnicity	god
Calishites (arabe)	Sharess
Calishites (arabe)	Waukeen
Calishites (arabe)	Talos
Calishites (arabe)	Azuth
Calishites (arabe)	Savras
Calishites (arabe)	Shar
Calishites (arabe)	Siamorphe
Calishites (arabe)	Umberlee
Calishites (arabe)	Tyr
Calishites (arabe)	Ilmater
Calishites (arabe)	Sune
Calishites (arabe)	Lathander
Calishites (arabe)	Helm
Calishites (arabe)	Deneir
Calishites (arabe)	Selûne
Calishites (arabe)	Mask
Calishites (arabe)	Tymora
Calishites (arabe)	Chauntea
Calishites (arabe)	Akadi
Calishites (arabe)	Gond
Chondathans (europe de l'ouest)	Waukeen
Chondathans (europe de l'ouest)	Tymora
Chondathans (europe de l'ouest)	Oghma
Chondathans (europe de l'ouest)	Deneir
Chondathans (europe de l'ouest)	Lathander
Chondathans (europe de l'ouest)	Helm
Chondathans (europe de l'ouest)	Chauntea
Chondathans (europe de l'ouest)	Sune
Chondathans (europe de l'ouest)	Selûne
Chondathans (europe de l'ouest)	Milil
Chondathans (europe de l'ouest)	Mystra
Chondathans (europe de l'ouest)	Mask
Chondathans (europe de l'ouest)	Mielikki
Chondathans (europe de l'ouest)	Eldath
Chondathans (europe de l'ouest)	Silvanus
Chondathans (europe de l'ouest)	Shaundakul
Chondathans (europe de l'ouest)	Torm
Chondathans (europe de l'ouest)	Tyr
Chondathans (europe de l'ouest)	Ilmater
Chondathans (europe de l'ouest)	Auril
Damarans (northern and east European)	Ilmater
Damarans (northern and east European)	Tyr
Damarans (northern and east European)	Torm
Damarans (northern and east European)	Chauntea
Damarans (northern and east European)	Lathander
Damarans (northern and east European)	Helm
Damarans (northern and east European)	Tempus
Damarans (northern and east European)	Mystra
Damarans (northern and east European)	Kelemvor
Damarans (northern and east European)	Bahamut
Damarans (northern and east European)	Eldath
Damarans (northern and east European)	Mielikki
Damarans (northern and east European)	Silvanus
Damarans (northern and east European)	Deneir
Damarans (northern and east European)	Oghma
Damarans (northern and east European)	Selûne
Damarans (northern and east European)	Sune
Damarans (northern and east European)	Tymora
Damarans (northern and east European)	Azuth
Damarans (northern and east European)	Shaundakul
Illuskans (nordique)	Tempus
Illuskans (nordique)	Umberlee
Illuskans (nordique)	Valkur
Illuskans (nordique)	Auril
Illuskans (nordique)	Talos
Illuskans (nordique)	Uthgar
Illuskans (nordique)	Selûne
Illuskans (nordique)	Shaundakul
Illuskans (nordique)	Chauntea
Illuskans (nordique)	Myrkul
Illuskans (nordique)	Silvanus
Illuskans (nordique)	Mielikki
Illuskans (nordique)	Lathander
Illuskans (nordique)	Helm
Illuskans (nordique)	Tyr
Illuskans (nordique)	Tymora
Illuskans (nordique)	Mask
Illuskans (nordique)	Sune
Illuskans (nordique)	Deneir
Illuskans (nordique)	Oghma
Mulan (mesopotamie)	Bane
Mulan (mesopotamie)	Shar
Mulan (mesopotamie)	Kossuth
Mulan (mesopotamie)	Azuth
Mulan (mesopotamie)	Mystra
Mulan (mesopotamie)	Velsharoon
Mulan (mesopotamie)	Talona
Mulan (mesopotamie)	Loviatar
Mulan (mesopotamie)	Set
Mulan (mesopotamie)	Tharchion
Mulan (mesopotamie)	Ilmater
Mulan (mesopotamie)	Tyr
Mulan (mesopotamie)	Torm
Mulan (mesopotamie)	Mask
Mulan (mesopotamie)	Cyric
Mulan (mesopotamie)	Deneir
Mulan (mesopotamie)	Sune
Mulan (mesopotamie)	Selûne
Mulan (mesopotamie)	Kelemvor
Mulan (mesopotamie)	Umberlee
Rashemi (mongols, siberiens)	chauntea
Rashemi (mongols, siberiens)	Mielikki
Rashemi (mongols, siberiens)	Lurue
Rashemi (mongols, siberiens)	Mystra
Rashemi (mongols, siberiens)	Silvanus
Rashemi (mongols, siberiens)	Tempus
Rashemi (mongols, siberiens)	Uthgar
Rashemi (mongols, siberiens)	Lathander
Rashemi (mongols, siberiens)	Eldath
Rashemi (mongols, siberiens)	Azuth
Rashemi (mongols, siberiens)	Shiallia
Rashemi (mongols, siberiens)	Sune
Rashemi (mongols, siberiens)	Selûne
Rashemi (mongols, siberiens)	Tymora
Rashemi (mongols, siberiens)	Deneir
Rashemi (mongols, siberiens)	Oghma
Rashemi (mongols, siberiens)	Helm
Rashemi (mongols, siberiens)	Tyr
Rashemi (mongols, siberiens)	Mask
Rashemi (mongols, siberiens)	Shar
Tethyrianns (mediteranéens)	Lathander
Tethyrianns (mediteranéens)	Tymora
Tethyrianns (mediteranéens)	Helm
Tethyrianns (mediteranéens)	Chauntea
Tethyrianns (mediteranéens)	Sune
Tethyrianns (mediteranéens)	Waukeen
Tethyrianns (mediteranéens)	Oghma
Tethyrianns (mediteranéens)	Selûne
Tethyrianns (mediteranéens)	Mystra
Tethyrianns (mediteranéens)	Milil
Tethyrianns (mediteranéens)	Deneir
Tethyrianns (mediteranéens)	Mielikki
Tethyrianns (mediteranéens)	Eldath
Tethyrianns (mediteranéens)	Silvanus
Tethyrianns (mediteranéens)	Torm
Tethyrianns (mediteranéens)	Tyr
Tethyrianns (mediteranéens)	Ilmater
Tethyrianns (mediteranéens)	Mask
Tethyrianns (mediteranéens)	Auril
Tethyrianns (mediteranéens)	Shaundakul
Chultan (afrique sub saharienne)	Ubtao
Chultan (afrique sub saharienne)	Eshowdow
Chultan (afrique sub saharienne)	Thard Harr
Chultan (afrique sub saharienne)	Savras
Chultan (afrique sub saharienne)	Sseth
Chultan (afrique sub saharienne)	Dendar
Chultan (afrique sub saharienne)	Waukeen
Chultan (afrique sub saharienne)	Gond
Chultan (afrique sub saharienne)	Tymora
Chultan (afrique sub saharienne)	Akadi
Chultan (afrique sub saharienne)	Silvanus
Chultan (afrique sub saharienne)	Mielikki
Chultan (afrique sub saharienne)	Eldath
Chultan (afrique sub saharienne)	Chauntea
Chultan (afrique sub saharienne)	Lathander
Chultan (afrique sub saharienne)	Sune
Chultan (afrique sub saharienne)	Mask
Chultan (afrique sub saharienne)	Shiallia
Chultan (afrique sub saharienne)	Oghma
Chultan (afrique sub saharienne)	Deneir
Turami (afrique de l'est)	Lathander
Turami (afrique de l'est)	Chauntea
Turami (afrique de l'est)	Waukeen
Turami (afrique de l'est)	Tymora
Turami (afrique de l'est)	Sune
Turami (afrique de l'est)	Selûne
Turami (afrique de l'est)	Oghma
Turami (afrique de l'est)	Deneir
Turami (afrique de l'est)	Gond
Turami (afrique de l'est)	Ilmater
Turami (afrique de l'est)	Helm
Turami (afrique de l'est)	Torm
Turami (afrique de l'est)	Tyr
Turami (afrique de l'est)	Akadi
Turami (afrique de l'est)	Savras
Turami (afrique de l'est)	Silvanus
Turami (afrique de l'est)	Mielikki
Turami (afrique de l'est)	Eldath
Turami (afrique de l'est)	Mask
Turami (afrique de l'est)	Shar
Ffolk- Celtic	Chauntea
Ffolk- Celtic	Silvanus
Ffolk- Celtic	Eldath
Ffolk- Celtic	Mielikki
Ffolk- Celtic	Lathander
Ffolk- Celtic	Tempus
Ffolk- Celtic	Oghma
Ffolk- Celtic	Selûne
Ffolk- Celtic	Myrkul
Ffolk- Celtic	Umberlee
Ffolk- Celtic	Tymora
Ffolk- Celtic	Sune
Ffolk- Celtic	Deneir
Ffolk- Celtic	Shiallia
Ffolk- Celtic	Mask
Ffolk- Celtic	Helm
Ffolk- Celtic	Tyr
Ffolk- Celtic	Auril
Ffolk- Celtic	Malar
Ffolk- Celtic	Talos
Sossrim- Finnish	Auril
Sossrim- Finnish	Tempus
Sossrim- Finnish	Talos
Sossrim- Finnish	Selûne
Sossrim- Finnish	Chauntea
Sossrim- Finnish	Lathander
Sossrim- Finnish	Mystra
Sossrim- Finnish	Uthgar
Sossrim- Finnish	Mielikki
Sossrim- Finnish	Eldath
Sossrim- Finnish	Silvanus
Sossrim- Finnish	Tymora
Sossrim- Finnish	Sune
Sossrim- Finnish	Deneir
Sossrim- Finnish	Oghma
Sossrim- Finnish	Helm
Sossrim- Finnish	Tyr
Sossrim- Finnish	Ilmater
Sossrim- Finnish	Akadi
Sossrim- Finnish	Shaundakul
strongheart	Yondalla
strongheart	Cyrrollalee
strongheart	Arvoreen
strongheart	Sheela Peryroyl
strongheart	Brandobaris
strongheart	Urogalan
strongheart	Chauntea
strongheart	Tymora
strongheart	Selûne
strongheart	Lathander
strongheart	Silvanus
strongheart	Eldath
strongheart	Mielikki
strongheart	Shiallia
strongheart	Sune
strongheart	Oghma
strongheart	Milil
strongheart	Deneir
strongheart	Mask
strongheart	Garl Glittergold
Lightfoot	Brandobaris
Lightfoot	Yondalla
Lightfoot	Sheela Peryroyl
Lightfoot	Arvoreen
Lightfoot	Urogalan
Lightfoot	Tymora
Lightfoot	Mask
Lightfoot	Shaundakul
Lightfoot	Selûne
Lightfoot	Oghma
Lightfoot	Milil
Lightfoot	Deneir
Lightfoot	Chauntea
Lightfoot	Sune
Lightfoot	Lathander
Lightfoot	Silvanus
Lightfoot	Eldath
Lightfoot	Mielikki
Lightfoot	Garl Glittergold
Lightfoot	Shiallia
ghostwalk	Urogalan
ghostwalk	Yondalla
ghostwalk	Sheela Peryroyl
ghostwalk	Arvoreen
ghostwalk	Silvanus
ghostwalk	Eldath
ghostwalk	Mielikki
ghostwalk	Chauntea
ghostwalk	Lurue
ghostwalk	Shiallia
ghostwalk	Brandobaris
ghostwalk	Tymora
ghostwalk	Selûne
ghostwalk	Mask
ghostwalk	Sune
ghostwalk	Lathander
ghostwalk	Milil
ghostwalk	Deneir
ghostwalk	Garl Glittergold
ghostwalk	Oghma
nain d'ecu	Moradin
nain d'ecu	Dumathoïn
nain d'ecu	Clangeddin
nain d'ecu	Berronar
nain d'ecu	Marthammor Duin
nain d'ecu	Gorm Gulthyn
nain d'ecu	Haela
nain d'ecu	Dugmaren
nain d'ecu	Vergadain
nain d'ecu	Abbathor
nain d'ecu	Thard Harr
nain d'ecu	Sharindlar
nain d'ecu	Baravar
nain d'ecu	Talos
nain d'ecu	Uthgar
nain d'ecu	Tyr
nain d'ecu	Helm
nain d'ecu	Azuth
nain d'ecu	Tempus
nain d'ecu	Silvanus
nain d'or	Moradin
nain d'or	Berronar
nain d'or	Clangeddin
nain d'or	Dumathoïn
nain d'or	Vergadain
nain d'or	Dugmaren
nain d'or	Abbathor
nain d'or	Gorm Gulthyn
nain d'or	Haela
nain d'or	Marthammor Duin
nain d'or	Sharindlar
nain d'or	Thard Harr
nain d'or	Tyr
nain d'or	Helm
nain d'or	Silvanus
nain d'or	Tempus
nain d'or	Azuth
nain d'or	Oghma
nain d'or	Sune
nain d'or	Lathander
nain gris	Laduguer
nain gris	Duerra
nain gris	Abbathor
nain gris	Diinkarazan
nain gris	Diirinka
nain gris	Shar
nain gris	Loviatar
nain gris	Talona
nain gris	Ghaunadaur
nain gris	Lolth
nain gris	Moradin
nain gris	Berronar
nain gris	Clangeddin
nain gris	Dumathoïn
nain gris	Mask
nain gris	Vhaeraun
nain gris	Selûne
nain gris	Urdlen
nain gris	Shargaas
nain gris	Maanzecorian
nain artique	Moradin
nain artique	Dumathoïn
nain artique	Clangeddin
nain artique	Gorm Gulthyn
nain artique	Auril
nain artique	Talos
nain artique	Ulutiu
nain artique	Berronar
nain artique	Haela
nain artique	Marthammor Duin
nain artique	Silvanus
nain artique	Tempus
nain artique	Sharindlar
nain artique	Dugmaren
nain artique	Vergadain
nain artique	Helm
nain artique	Tyr
nain artique	Azuth
nain artique	Eldath
nain artique	Lathander
nain sauvages	Thard Harr
nain sauvages	Moradin
nain sauvages	Dumathoïn
nain sauvages	Clangeddin
nain sauvages	Silvanus
nain sauvages	Mielikki
nain sauvages	Gorm Gulthyn
nain sauvages	Haela
nain sauvages	Berronar
nain sauvages	Eldath
nain sauvages	Marthammor Duin
nain sauvages	Dugmaren
nain sauvages	Vergadain
nain sauvages	Sharindlar
nain sauvages	Tymora
nain sauvages	Chauntea
nain sauvages	Lurue
nain sauvages	Sune
nain sauvages	Mask
nain sauvages	Oghma
urdunnir	Dumathoïn
urdunnir	Moradin
urdunnir	Grumbar
urdunnir	Clangeddin
urdunnir	Berronar
urdunnir	Gorm Gulthyn
urdunnir	Abbathor
urdunnir	Akadi
urdunnir	Urogalan
urdunnir	Dugmaren
urdunnir	Sharindlar
urdunnir	Silvanus
urdunnir	Tempus
urdunnir	Tyr
urdunnir	Helm
urdunnir	Lathander
urdunnir	Sune
urdunnir	Oghma
urdunnir	Eldath
urdunnir	Mielikki
elfe des bois	Rillifane
elfe des bois	Silvanus
elfe des bois	Mielikki
elfe des bois	Corellon
elfe des bois	Hanali
elfe des bois	Solonor
elfe des bois	Chauntea
elfe des bois	Eldath
elfe des bois	Lurue
elfe des bois	Shiallia
elfe des bois	Sune
elfe des bois	Tymora
elfe des bois	Selûne
elfe des bois	Deneir
elfe des bois	Oghma
elfe des bois	Mask
elfe des bois	Fenmarel
elfe des bois	Shevarash
elfe des bois	Eilistraée
elfe des bois	Labelas
elfe de la lune	Corellon
elfe de la lune	Hanali
elfe de la lune	Selûne
elfe de la lune	Sune
elfe de la lune	Eilistraée
elfe de la lune	Mystra
elfe de la lune	Sehanine
elfe de la lune	Lathander
elfe de la lune	Tymora
elfe de la lune	Deneir
elfe de la lune	Oghma
elfe de la lune	Chauntea
elfe de la lune	Mielikki
elfe de la lune	Shiallia
elfe de la lune	Solonor
elfe de la lune	Labelas
elfe de la lune	Mask
elfe de la lune	Eldath
elfe de la lune	Milil
elfe de la lune	Fenmarel
elfe noir	Eilistraée
elfe noir	Vhaeraun
elfe noir	Corellon
elfe noir	Hanali
elfe noir	Selûne
elfe noir	Mystra
elfe noir	Shar
elfe noir	Mask
elfe noir	Loviatar
elfe noir	Sehanine
elfe noir	Lolth
elfe noir	Tymora
elfe noir	Sune
elfe noir	Deneir
elfe noir	Oghma
elfe noir	Milil
elfe noir	Eldath
elfe noir	Shiallia
elfe noir	Fenmarel
elfe noir	Kiaransalee
elfe du soleil	Corellon
elfe du soleil	Labelas
elfe du soleil	Hanali
elfe du soleil	Lathander
elfe du soleil	Sune
elfe du soleil	Mystra
elfe du soleil	Sehanine
elfe du soleil	Solonor
elfe du soleil	Tymora
elfe du soleil	Deneir
elfe du soleil	Oghma
elfe du soleil	Chauntea
elfe du soleil	Mielikki
elfe du soleil	Selûne
elfe du soleil	Shiallia
elfe du soleil	Eldath
elfe du soleil	Milil
elfe du soleil	Mask
elfe du soleil	Fenmarel
elfe du soleil	Eilistraée
elfe sauvage	Solonor
elfe sauvage	Rillifane
elfe sauvage	Mielikki
elfe sauvage	Corellon
elfe sauvage	Silvanus
elfe sauvage	Hanali
elfe sauvage	Eldath
elfe sauvage	Lurue
elfe sauvage	Shiallia
elfe sauvage	Tymora
elfe sauvage	Sehanine
elfe sauvage	Sune
elfe sauvage	Selûne
elfe sauvage	Deneir
elfe sauvage	Oghma
elfe sauvage	Mask
elfe sauvage	Fenmarel
elfe sauvage	Labelas
elfe sauvage	Eilistraée
elfe sauvage	Shevarash
elfe de la mer	Deep Sashelas
elfe de la mer	Corellon
elfe de la mer	Hanali
elfe de la mer	Eilistraée
elfe de la mer	Selûne
elfe de la mer	Valkur
elfe de la mer	Umberlee
elfe de la mer	Sehanine
elfe de la mer	Sune
elfe de la mer	Tymora
elfe de la mer	Mystra
elfe de la mer	Lathander
elfe de la mer	Deneir
elfe de la mer	Oghma
elfe de la mer	Milil
elfe de la mer	Eldath
elfe de la mer	Shiallia
elfe de la mer	Solonor
elfe de la mer	Labelas
elfe de la mer	Fenmarel
elfe des etoiles	Sehanine
elfe des etoiles	Corellon
elfe des etoiles	Hanali
elfe des etoiles	Selûne
elfe des etoiles	Mystra
elfe des etoiles	Labelas
elfe des etoiles	Sune
elfe des etoiles	Tymora
elfe des etoiles	Deneir
elfe des etoiles	Oghma
elfe des etoiles	Lathander
elfe des etoiles	Milil
elfe des etoiles	Shiallia
elfe des etoiles	Eldath
elfe des etoiles	Eilistraée
elfe des etoiles	Mask
elfe des etoiles	Solonor
elfe des etoiles	Mielikki
elfe des etoiles	Fenmarel
elfe des etoiles	Shevarash
avariel	Aerdrie Faenya
avariel	Corellon
avariel	Hanali
avariel	Sehanine
avariel	Labelas
avariel	Solonor
avariel	Rillifane
avariel	Sune
avariel	Tymora
avariel	Selûne
avariel	Mystra
avariel	Lathander
avariel	Deneir
avariel	Oghma
avariel	Milil
avariel	Eldath
avariel	Shiallia
avariel	Fenmarel
avariel	Eilistraée
avariel	Shevarash
lythari	Rillifane
lythari	Solonor
lythari	Mielikki
lythari	Silvanus
lythari	Corellon
lythari	Hanali
lythari	Eldath
lythari	Lurue
lythari	Shiallia
lythari	Sehanine
lythari	Tymora
lythari	Sune
lythari	Selûne
lythari	Deneir
lythari	Oghma
lythari	Mask
lythari	Fenmarel
lythari	Labelas
lythari	Eilistraée
lythari	Shevarash
gnome des roches	Garl Glittergold
gnome des roches	Baervan
gnome des roches	Flandal
gnome des roches	Segojan
gnome des roches	Baravar
gnome des roches	Callarduran
gnome des roches	Urdlen
gnome des roches	Moradin
gnome des roches	Tymora
gnome des roches	Deneir
gnome des roches	Oghma
gnome des roches	Sune
gnome des roches	Milil
gnome des roches	Chauntea
gnome des roches	Selûne
gnome des roches	Mielikki
gnome des roches	Eldath
gnome des roches	Shiallia
gnome des roches	Gond
gnome des roches	Dugmaren
gnome des forets	Baervan
gnome des forets	Garl Glittergold
gnome des forets	Segojan
gnome des forets	Flandal
gnome des forets	Callarduran
gnome des forets	Baravar
gnome des forets	Urdlen
gnome des forets	Mielikki
gnome des forets	Silvanus
gnome des forets	Eldath
gnome des forets	Shiallia
gnome des forets	Lurue
gnome des forets	Tymora
gnome des forets	Selûne
gnome des forets	Sune
gnome des forets	Deneir
gnome des forets	Oghma
gnome des forets	Milil
gnome des forets	Mask
gnome des forets	Dugmaren
gnome des profondeurs	Callarduran
gnome des profondeurs	Garl Glittergold
gnome des profondeurs	Baravar
gnome des profondeurs	Segojan
gnome des profondeurs	Flandal
gnome des profondeurs	Urdlen
gnome des profondeurs	Duerra
gnome des profondeurs	Laduguer
gnome des profondeurs	Moradin
gnome des profondeurs	Dumathoïn
gnome des profondeurs	Abbathor
gnome des profondeurs	Shar
gnome des profondeurs	Mask
gnome des profondeurs	Talona
gnome des profondeurs	Loviatar
gnome des profondeurs	Selûne
gnome des profondeurs	Deneir
gnome des profondeurs	Oghma
gnome des profondeurs	Gond
gnome des profondeurs	Azuth
Demi mountain orc	Gruumsh
Demi mountain orc	Bahgtru
Demi mountain orc	Ilneval
Demi mountain orc	Luthic
Demi mountain orc	Shargaas
Demi mountain orc	Yurtrus
Demi mountain orc	Tempus
Demi mountain orc	Bane
Demi mountain orc	Garagos
Demi mountain orc	Talos
Demi mountain orc	Loviatar
Demi mountain orc	Malar
Demi mountain orc	Helm
Demi mountain orc	Tyr
Demi mountain orc	Torm
Demi mountain orc	Shar
Demi mountain orc	Mask
Demi mountain orc	Selûne
Demi mountain orc	Chauntea
Demi mountain orc	Eldath
Demi gray orc	Gruumsh
Demi gray orc	Bahgtru
Demi gray orc	Ilneval
Demi gray orc	Luthic
Demi gray orc	Shargaas
Demi gray orc	Yurtrus
Demi gray orc	Duerra
Demi gray orc	Laduguer
Demi gray orc	Bane
Demi gray orc	Tempus
Demi gray orc	Talos
Demi gray orc	Loviatar
Demi gray orc	Shar
Demi gray orc	Mask
Demi gray orc	Selûne
Demi gray orc	Torm
Demi gray orc	Tyr
Demi gray orc	Chauntea
Demi gray orc	Eldath
Demi gray orc	Garagos
Demi orogs	Gruumsh
Demi orogs	Bahgtru
Demi orogs	Ilneval
Demi orogs	Shargaas
Demi orogs	Yurtrus
Demi orogs	Luthic
Demi orogs	Bane
Demi orogs	Tempus
Demi orogs	Talos
Demi orogs	Garagos
Demi orogs	Loviatar
Demi orogs	Shar
Demi orogs	Mask
Demi orogs	Selûne
Demi orogs	Helm
Demi orogs	Torm
Demi orogs	Tyr
Demi orogs	Malar
Demi orogs	Urdlen
Demi orogs	Duerra
drakeide	Bahamut
drakeide	Torm
drakeide	Helm
drakeide	Tyr
drakeide	Lathander
drakeide	Tempus
drakeide	Moradin
drakeide	Sune
drakeide	Mystra
drakeide	Chauntea
drakeide	Silvanus
drakeide	Oghma
drakeide	Deneir
drakeide	Milil
drakeide	Ilmater
drakeide	Gond
drakeide	Akadi
drakeide	Kelemvor
drakeide	Bane
drakeide	Io
protector aasimar	Lathander
protector aasimar	Tyr
protector aasimar	Torm
protector aasimar	Helm
protector aasimar	Ilmater
protector aasimar	Sune
protector aasimar	Selûne
protector aasimar	Mystra
protector aasimar	Bahamut
protector aasimar	Corellon
protector aasimar	Sehanine
protector aasimar	Hanali
protector aasimar	Milil
protector aasimar	Deneir
protector aasimar	Oghma
protector aasimar	Chauntea
protector aasimar	Eldath
protector aasimar	Mielikki
protector aasimar	Shiallia
protector aasimar	Eilistraée
scourge aasimar	Tyr
scourge aasimar	Torm
scourge aasimar	Helm
scourge aasimar	Lathander
scourge aasimar	Bahamut
scourge aasimar	Ilmater
scourge aasimar	Tempus
scourge aasimar	Mystra
scourge aasimar	Sune
scourge aasimar	Selûne
scourge aasimar	Deneir
scourge aasimar	Oghma
scourge aasimar	Milil
scourge aasimar	Chauntea
scourge aasimar	Corellon
scourge aasimar	Sehanine
scourge aasimar	Mask
scourge aasimar	Kelemvor
scourge aasimar	Gond
scourge aasimar	Azuth
fallen aasimar	Shar
fallen aasimar	Mask
fallen aasimar	Bane
fallen aasimar	Loviatar
fallen aasimar	Talona
fallen aasimar	Kiaransalee
fallen aasimar	Selûne
fallen aasimar	Tyr
fallen aasimar	Torm
fallen aasimar	Helm
fallen aasimar	Mystra
fallen aasimar	Sune
fallen aasimar	Deneir
fallen aasimar	Oghma
fallen aasimar	Kelemvor
fallen aasimar	Cyric
fallen aasimar	Vhaeraun
fallen aasimar	Lolth
fallen aasimar	Auril
fallen aasimar	Umberlee
goliath	Tempus
goliath	Uthgar
goliath	Talos
goliath	Auril
goliath	Silvanus
goliath	Mielikki
goliath	Chauntea
goliath	Lathander
goliath	Tyr
goliath	Helm
goliath	Eldath
goliath	Shiallia
goliath	Gond
goliath	Akadi
goliath	Grumbar
goliath	Kord
goliath	Ilmater
goliath	Mystra
goliath	Oghma
goliath	Deneir
genasi de terre	Grumbar
genasi de terre	Moradin
genasi de terre	Dumathoïn
genasi de terre	Gond
genasi de terre	Akadi
genasi de terre	Silvanus
genasi de terre	Chauntea
genasi de terre	Tempus
genasi de terre	Helm
genasi de terre	Tyr
genasi de terre	Lathander
genasi de terre	Deneir
genasi de terre	Oghma
genasi de terre	Eldath
genasi de terre	Mielikki
genasi de terre	Shiallia
genasi de terre	Sune
genasi de terre	Mystra
genasi de terre	Ilmater
genasi de terre	Kelemvor
genasi de feu	Kossuth
genasi de feu	Talos
genasi de feu	Gond
genasi de feu	Tempus
genasi de feu	Akadi
genasi de feu	Lathander
genasi de feu	Tyr
genasi de feu	Helm
genasi de feu	Mystra
genasi de feu	Sune
genasi de feu	Deneir
genasi de feu	Oghma
genasi de feu	Chauntea
genasi de feu	Mielikki
genasi de feu	Selûne
genasi de feu	Ilmater
genasi de feu	Bane
genasi de feu	Shar
genasi de feu	Mask
genasi de feu	Milil
genasi d'air	Akadi
genasi d'air	Shaundakul
genasi d'air	Valkur
genasi d'air	Tempus
genasi d'air	Lathander
genasi d'air	Selûne
genasi d'air	Sune
genasi d'air	Mystra
genasi d'air	Deneir
genasi d'air	Oghma
genasi d'air	Milil
genasi d'air	Chauntea
genasi d'air	Mielikki
genasi d'air	Eldath
genasi d'air	Gond
genasi d'air	Tyr
genasi d'air	Helm
genasi d'air	Ilmater
genasi d'air	Mask
genasi d'air	Corellon
genasi d'eau	Istishia
genasi d'eau	Umberlee
genasi d'eau	Valkur
genasi d'eau	Akadi
genasi d'eau	Selûne
genasi d'eau	Chauntea
genasi d'eau	Eldath
genasi d'eau	Silvanus
genasi d'eau	Mielikki
genasi d'eau	Lathander
genasi d'eau	Sune
genasi d'eau	Mystra
genasi d'eau	Deneir
genasi d'eau	Oghma
genasi d'eau	Milil
genasi d'eau	Tyr
genasi d'eau	Helm
genasi d'eau	Ilmater
genasi d'eau	Tempus
genasi d'eau	Gond
firbolg	Silvanus
firbolg	Mielikki
firbolg	Eldath
firbolg	Chauntea
firbolg	Rillifane
firbolg	Lurue
firbolg	Shiallia
firbolg	Corellon
firbolg	Sehanine
firbolg	Hanali
firbolg	Tymora
firbolg	Selûne
firbolg	Sune
firbolg	Deneir
firbolg	Oghma
firbolg	Milil
firbolg	Labelas
firbolg	Solonor
firbolg	Fenmarel
firbolg	Shevarash
forgelier	Gond
forgelier	Mystra
forgelier	Helm
forgelier	Tyr
forgelier	Deneir
forgelier	Oghma
forgelier	Milil
forgelier	Lathander
forgelier	Tempus
forgelier	Chauntea
forgelier	Ilmater
forgelier	Selûne
forgelier	Sune
forgelier	Akadi
forgelier	Grumbar
forgelier	Bane
forgelier	Mask
forgelier	Azuth
forgelier	Savras
forgelier	Kelemvor
Aarakocra	Akadi
Aarakocra	Aerdrie Faenya
Aarakocra	Shaundakul
Aarakocra	Valkur
Aarakocra	Lathander
Aarakocra	Selûne
Aarakocra	Sune
Aarakocra	Mystra
Aarakocra	Deneir
Aarakocra	Oghma
Aarakocra	Milil
Aarakocra	Chauntea
Aarakocra	Mielikki
Aarakocra	Eldath
Aarakocra	Corellon
Aarakocra	Sehanine
Aarakocra	Hanali
Aarakocra	Labelas
Aarakocra	Solonor
Aarakocra	Shevarash
Abbalaya	Savras
Abbalaya	Azuth
Abbalaya	Deneir
Abbalaya	Oghma
Abbalaya	Mystra
Abbalaya	Selûne
Abbalaya	Lathander
Abbalaya	Sune
Abbalaya	Mask
Abbalaya	Shar
Abbalaya	Tyr
Abbalaya	Helm
Abbalaya	Ilmater
Abbalaya	Milil
Abbalaya	Chauntea
Abbalaya	Corellon
Abbalaya	Hanali
Abbalaya	Sehanine
Abbalaya	Eilistraée
Abbalaya	Gond
Alaghi	Silvanus
Alaghi	Mielikki
Alaghi	Eldath
Alaghi	Chauntea
Alaghi	Rillifane
Alaghi	Lurue
Alaghi	Shiallia
Alaghi	Solonor
Alaghi	Tymora
Alaghi	Selûne
Alaghi	Sune
Alaghi	Deneir
Alaghi	Oghma
Alaghi	Milil
Alaghi	Corellon
Alaghi	Hanali
Alaghi	Sehanine
Alaghi	Labelas
Alaghi	Fenmarel
Alaghi	Shevarash
Aranea	Lolth
Aranea	Shar
Aranea	Mask
Aranea	Vhaeraun
Aranea	Eilistraée
Aranea	Mystra
Aranea	Selûne
Aranea	Sune
Aranea	Deneir
Aranea	Oghma
Aranea	Milil
Aranea	Loviatar
Aranea	Talona
Aranea	Kiaransalee
Aranea	Sehanine
Aranea	Hanali
Aranea	Corellon
Aranea	Tymora
Aranea	Shiallia
Aranea	Gond
Bullywug	Ramenos
Bullywug	Silvanus
Bullywug	Eldath
Bullywug	Chauntea
Bullywug	Mielikki
Bullywug	Lurue
Bullywug	Shiallia
Bullywug	Umberlee
Bullywug	Talos
Bullywug	Auril
Bullywug	Tymora
Bullywug	Selûne
Bullywug	Sune
Bullywug	Deneir
Bullywug	Oghma
Bullywug	Milil
Bullywug	Akadi
Bullywug	Tempus
Bullywug	Mask
Bullywug	Gond
Caiman katanga	Ubtao
Caiman katanga	Eshowdow
Caiman katanga	Thard Harr
Caiman katanga	Savras
Caiman katanga	Sseth
Caiman katanga	Dendar
Caiman katanga	Silvanus
Caiman katanga	Mielikki
Caiman katanga	Eldath
Caiman katanga	Chauntea
Caiman katanga	Lathander
Caiman katanga	Sune
Caiman katanga	Tymora
Caiman katanga	Selûne
Caiman katanga	Deneir
Caiman katanga	Oghma
Caiman katanga	Milil
Caiman katanga	Akadi
Caiman katanga	Gond
Caiman katanga	Corellon
Centaur	Silvanus
Centaur	Mielikki
Centaur	Eldath
Centaur	Chauntea
Centaur	Lurue
Centaur	Shiallia
Centaur	Rillifane
Centaur	Solonor
Centaur	Corellon
Centaur	Sehanine
Centaur	Hanali
Centaur	Tymora
Centaur	Selûne
Centaur	Sune
Centaur	Deneir
Centaur	Oghma
Centaur	Milil
Centaur	Labelas
Centaur	Fenmarel
Centaur	Shevarash
Chitine	Lolth
Chitine	Vhaeraun
Chitine	Kiaransalee
Chitine	Shar
Chitine	Mask
Chitine	Eilistraée
Chitine	Selûne
Chitine	Sune
Chitine	Mystra
Chitine	Deneir
Chitine	Oghma
Chitine	Milil
Chitine	Talona
Chitine	Loviatar
Chitine	Sehanine
Chitine	Hanali
Chitine	Corellon
Chitine	Tymora
Chitine	Shiallia
Chitine	Gond
Firenewt	Kossuth
Firenewt	Imix
Firenewt	Talos
Firenewt	Lathander
Firenewt	Akadi
Firenewt	Grumbar
Firenewt	Istishia
Firenewt	Gond
Firenewt	Moradin
Firenewt	Surtur
Firenewt	Auril
Firenewt	Beshaba
Firenewt	Loviatar
Firenewt	Shar
Firenewt	Tyr
Firenewt	Tempus
Firenewt	Mask
Firenewt	selûne
Firenewt	Mystra
Firenewt	Azuth
Fremlin	Garl Glittergold
Fremlin	Baravar
Fremlin	Baervan
Fremlin	Flandal
Fremlin	Segojan
Fremlin	Urdlen
Fremlin	Callarduran
Fremlin	Gaerdal
Fremlin	Mystra
Fremlin	Azuth
Fremlin	Deneir
Fremlin	Oghma
Fremlin	Tymora
Fremlin	Erevan Ileserë
Fremlin	Leira
Fremlin	Milil
Fremlin	Lliira
Fremlin	Sharess
Fremlin	Shiallia
Fremlin	Sheela Peryroyl
Githzerai	Zerthimon
Githzerai	La Cavalière Rouge
Githzerai	Ilsensine
Githzerai	Auppenser
Githzerai	Savras
Githzerai	Deneir
Githzerai	Oghma
Githzerai	Mystra
Githzerai	Azuth
Githzerai	Leira
Githzerai	Tempus
Githzerai	Tyr
Githzerai	Lathander
Githzerai	Shar
Githzerai	Mask
Githzerai	Selûne
Githzerai	Shaundakul
Githzerai	Milil
Goblin	Maglubiyet
Goblin	Khurgorbaeyag
Goblin	Nomog-Geaya
Goblin	Bargrivyek
Gray orc	Gruumsh
Gray orc	Bahgtru
Gray orc	Ilneval
Gray orc	Luthic
Gray orc	Shargaas
Gray orc	Yurtrus
Hobgoblin	Maglubiyet
Hobgoblin	Nomog-Geaya
Hobgoblin	Bargrivyek
Koalinth	Sekolah
Kuo-toa	Blibdoolpoolp
Llewyrr	Corellon
Llewyrr	Sehanine
Llewyrr	Rillifane
Llewyrr	Labelas
Llewyrr	Aerdrie Faenya
Llewyrr	Hanali
Llewyrr	Solonor
Llewyrr	Angharradh
Llewyrr	Fenmarel
Llewyrr	Shevarash
Llewyrr	Eilistraée
Llewyrr	Mystra
Llewyrr	Sune
Llewyrr	Selûne
Llewyrr	Tymora
Llewyrr	Oghma
Llewyrr	Lurue
Llewyrr	Mielikki
Llewyrr	Eldath
Llewyrr	Gond
Locathah	Eadro
Locathah	Umberlee
Locathah	Istishia
Locathah	Valkur
Locathah	Deep Sashelas
Locathah	Eldath
Locathah	Silvanus
Locathah	Auril
Locathah	Talos
Locathah	Chauntea
Locathah	Sune
Locathah	Selûne
Locathah	Tymora
Locathah	Akadi
Locathah	Gond
Locathah	Mielikki
Locathah	Savras
Locathah	Deneir
Locathah	Lliira
Locathah	Azuth
Loxo	Uthgar
Loxo	Grumbar
Loxo	Tempus
Loxo	Talos
Loxo	Silvanus
Loxo	Chauntea
Loxo	Mielikki
Loxo	Gond
Loxo	Akadi
Loxo	Kossuth
Loxo	Tyr
Loxo	Helm
Loxo	Torm
Loxo	Lathander
Loxo	Ilmater
Loxo	Beshaba
Loxo	Mask
Loxo	Garagos
Loxo	Red Knight
Loxo	Jergal
Merfolk	Deep Sashelas
Merfolk	Umberlee
Merfolk	Eadro
Merfolk	Valkur
Merfolk	Istishia
Merfolk	Selûne
Merfolk	Auril
Merfolk	Talos
Merfolk	Eldath
Merfolk	Sune
Merfolk	Tymora
Merfolk	Chauntea
Merfolk	Silvanus
Merfolk	Akadi
Merfolk	Mielikki
Merfolk	Savras
Merfolk	Gond
Merfolk	Lliira
Merfolk	Deneir
Merfolk	Azuth
Minotaur	Baphomet
Minotaur	Garagos
Minotaur	Tempus
Minotaur	Talos
Minotaur	Gruumsh
Minotaur	Luthic
Minotaur	Ilneval
Minotaur	Bahgtru
Minotaur	Shargaas
Minotaur	Mask
Minotaur	Cyric
Minotaur	Bane
Minotaur	Loviatar
Minotaur	Shar
Minotaur	Tiamat
Minotaur	Gargauth
Minotaur	Hoar
Minotaur	Red Knight
Minotaur	Uthgar
Minotaur	Myrkul
Mongrelfolk	Ilmater
Mongrelfolk	Eldath
Mongrelfolk	Lliira
Mongrelfolk	Tymora
Mongrelfolk	Selûne
Mongrelfolk	Sune
Mongrelfolk	Chauntea
Mongrelfolk	Mask
Mongrelfolk	Deneir
Mongrelfolk	Savras
Mongrelfolk	Lathander
Mongrelfolk	Mielikki
Mongrelfolk	Gond
Mongrelfolk	Oghma
Mongrelfolk	Azuth
Mongrelfolk	Torm
Mongrelfolk	Helm
Mongrelfolk	Tyr
Mongrelfolk	Shar
Mongrelfolk	Cyric
N-Tel-Quess	Corellon
N-Tel-Quess	Sehanine
N-Tel-Quess	Mystra
N-Tel-Quess	Sune
N-Tel-Quess	Selûne
N-Tel-Quess	Tymora
N-Tel-Quess	Oghma
N-Tel-Quess	Lathander
N-Tel-Quess	Gond
N-Tel-Quess	Azuth
N-Tel-Quess	Deneir
N-Tel-Quess	Savras
N-Tel-Quess	Mielikki
N-Tel-Quess	Chauntea
N-Tel-Quess	Silvanus
N-Tel-Quess	Akadi
N-Tel-Quess	Eldath
N-Tel-Quess	Lliira
N-Tel-Quess	Mask
N-Tel-Quess	Ilmater
Nubari (ancient)	Ubtao
Nubari (ancient)	Thoth
Nubari (ancient)	Isis
Nubari (ancient)	Osiris
Nubari (ancient)	Hathor
Nubari (ancient)	Anhur
Nubari (ancient)	Sebek
Nubari (ancient)	Nephthys
Nubari (ancient)	Horus-Re
Nubari (ancient)	Geb
Nubari (ancient)	Chauntea
Nubari (ancient)	Silvanus
Nubari (ancient)	Eldath
Nubari (ancient)	Lathander
Nubari (ancient)	Sune
Nubari (ancient)	Selûne
Nubari (ancient)	Tymora
Nubari (ancient)	Gond
Nubari (ancient)	Savras
Nubari (ancient)	Azuth
Orc	Gruumsh
Orc	Luthic
Orc	Bahgtru
Orc	Ilneval
Orc	Shargaas
Orc	Yurtrus
Orc	Beshaba
Orc	Talos
Orc	Garagos
Orc	Cyric
Orc	Bane
Orc	Loviatar
Orc	Shar
Orc	Tiamat
Orc	Gargauth
Orc	Hoar
Orc	Tempus
Orc	Uthgar
Orc	Red Knight
Orc	Myrkul
Orog	Gruumsh
Orog	Ilneval
Orog	Bahgtru
Orog	Luthic
Orog	Shargaas
Orog	Bane
Orog	Cyric
Orog	Garagos
Orog	Tempus
Orog	Tiamat
Orog	Gargauth
Orog	Hoar
Orog	Red Knight
Orog	Myrkul
Orog	Mask
Orog	Shar
Orog	Loviatar
Orog	Talos
Orog	Uthgar
Orog	Helm
Pahari	Chauntea
Pahari	Lathander
Pahari	selûne
Pahari	Mystra
Pahari	Eldath
Pahari	Tymora
Pahari	Oghma
Pahari	Ilmater
Pahari	Silvanus
Pahari	Torm
Pahari	Tyr
Pahari	Savras
Pahari	sune
Pahari	Azouth
Pahari	Leira
Pahari	Milil
Pahari	Deneïr
Pahari	Gond
Pahari	Beshaba
Pahari	Talos
Para-genasi	Akadi
Para-genasi	Kossuth
Para-genasi	Grumbar
Para-genasi	Istishia
Para-genasi	Mystra
Para-genasi	Savras
Para-genasi	Azouth
Para-genasi	Oghma
Para-genasi	Lathander
Para-genasi	Tempus
Para-genasi	Talos
Para-genasi	Gond
Para-genasi	chauntea
Para-genasi	selûne
Para-genasi	Tyr
Para-genasi	Torm
Para-genasi	Eldath
Para-genasi	Beshaba
Para-genasi	Shar
Para-genasi	Cyric
Pterafolk	Ubtao
Pterafolk	Akadi
Pterafolk	Talos
Pterafolk	Malar
Pterafolk	Silvanus
Pterafolk	chauntea
Pterafolk	Saurial
Pterafolk	Kossuth
Pterafolk	Tempus
Pterafolk	Tyr
Pterafolk	Torm
Pterafolk	Eldath
Pterafolk	selûne
Pterafolk	Mystra
Pterafolk	Gond
Pterafolk	Azouth
Pterafolk	Leira
Pterafolk	Beshaba
Pterafolk	Shar
Pterafolk	Cyric
Satyr	Skerrit
Satyr	selûne
Satyr	sune
Satyr	Lliira
Satyr	Milil
Satyr	chauntea
Satyr	Eldath
Satyr	Tymora
Satyr	Silvanus
Satyr	Lathander
Satyr	Leira
Satyr	Mystra
Satyr	Oghma
Satyr	Azouth
Satyr	Deneïr
Satyr	Savras
Satyr	Torm
Satyr	Tyr
Satyr	Beshaba
Satyr	Talos
Talfir	Tempus
Talfir	Tyr
Talfir	Torm
Talfir	chauntea
Talfir	Mystra
Talfir	selûne
Talfir	Oghma
Talfir	Lathander
Talfir	Gond
Talfir	Azouth
Talfir	Savras
Talfir	Eldath
Talfir	Leira
Talfir	Milil
Talfir	Deneïr
Talfir	Beshaba
Talfir	Shar
Talfir	Cyric
Talfir	Talona
Talfir	Umberlie
Tallfellow halfling	Yondalla
Tallfellow halfling	Arvoreen
Tallfellow halfling	Cyrrollalee
Tallfellow halfling	Sheela Peryroyl
Tallfellow halfling	Brandobaris
Tallfellow halfling	Urogalan
Tallfellow halfling	Tymora
Tallfellow halfling	chauntea
Tallfellow halfling	Silvanus
Tallfellow halfling	Lliira
Vodyanoi	Eadro
Vodyanoi	Istishia
Vodyanoi	Silvanus
Vodyanoi	Umberlie
Vodyanoi	Eldath
Vodyanoi	Vodyanoi
Volodni	Silvanus
Volodni	Mielikki
Volodni	Eldath
Volodni	chauntea
Volodni	Rillifane
Volodni	Volodni
Yuan-ti malison	Sseth
Yuan-ti malison	Merrshaulk
Yuan-ti malison	Dendar
Yuan-ti malison	Zehir
Yuan-ti pureblood	Sseth
Yuan-ti pureblood	Merrshaulk
Yuan-ti pureblood	Dendar
Yuan-ti pureblood	Zehir
Yurian	Talos
Yurian	Umberlie
Yurian	Auril
Yurian	Silvanus
Arkaiuns	Tyr
Arkaiuns	Helm
Arkaiuns	Torm
Arkaiuns	Ilmater
Arkaiuns	Lathander
Durpari	Anhur
Durpari	Horus-Rê
Durpari	Isis
Durpari	Osiris
Durpari	Thot
Gûr	Gruumsh
Gûr	Luthic
Gûr	Bahgtru
Gûr	Ilneval
Gûr	Shargaas
Gûr	Yurtrus
Halruéens	Mystra
Halruéens	Azuth
Halruéens	Savras
Halruéens	Oghma
Halruéens	Deneir
Imaskari des profondeurs	Shar
Imaskari des profondeurs	Myrkul
Imaskari des profondeurs	Velsharoon
Imaskari des profondeurs	Jergal
Lantannas	Gond
Lantannas	Oghma
Lantannas	Deneir
Lantannas	Mystra
Lapalis	chauntea
Lapalis	Lathander
Lapalis	Eldath
Lapalis	Silvanus
Nar	Bane
Nar	Myrkul
Nar	Bhaal
Nar	Shar
Raumviriens	Kossuth
Raumviriens	Grumbar
Raumviriens	Akadi
Raumviriens	Istishia
Shaaryens	Malar
Shaaryens	Silvanus
Shaaryens	chauntea
Tashaliens	Umberlie
Tashaliens	Talos
Tashaliens	Auril
tiefling	Asmodeus
tiefling	Levistus
tiefling	Dispater
tiefling	Fierna
tiefling	Glasya
kenku	Mask
kenku	Leira
triton	Eadro
triton	Deep Sashelas
triton	Umberlie
triton	Istishia
lizardfolk	Semuanya
lizardfolk	Ramenos
